Equipment No,Move Date,Time,LCN/Depot,prev_status,F.E,Move Date,Time,LCN/Depot,next_status,F.E
APRU5090127,20180827,0,BDCGP/CPA,OH,E,20180909,0,BDCGP/CPA,TE,E
APRU5090127,20180909,0,BDCGP/CPA,TE,E,20180909,850,BDCGP/CPA,VE,E
APRU5090127,20180909,850,BDCGP/CPA,VE,E,20180914,20,SGSIN/PSA,TE,E
APRU5090127,20180914,20,SGSIN/PSA,TE,E,20180918,2400,SGSIN/UNK,FH,E
,,,,,,,,,,
APRU6138800,20181108,0,BDCGP/CPA,OH,E,20181114,0,BDCGP/CPA,TE,E
APRU6138800,20181114,0,BDCGP/CPA,TE,E,20181114,1300,BDCGP/CPA,VE,E
APRU6138800,20181114,1300,BDCGP/CPA,VE,E,20181120,633,SGSIN/PSA,TE,E
APRU6138800,20181120,633,SGSIN/PSA,TE,E,20181126,2400,SGSIN/UNK,FH,E
,,,,,,,,,,
BMOU9505628,20181129,0,BDCGP/CPA,OH,E,20181205,0,BDCGP/CPA,TE,E
BMOU9505628,20181205,0,BDCGP/CPA,TE,E,20181205,810,BDCGP/CPA,VE,E
BMOU9505628,20181205,810,BDCGP/CPA,VE,E,20181213,449,SGSIN/PSA,TE,E
BMOU9505628,20181213,449,SGSIN/PSA,TE,E,20181224,2400,SGSIN/UNK,FH,E
,,,,,,,,,,
BMOU9507847,20180827,0,BDCGP/CPA,OH,E,20180909,0,BDCGP/CPA,TE,E
BMOU9507847,20180909,0,BDCGP/CPA,TE,E,20180909,850,BDCGP/CPA,VE,E
BMOU9507847,20180909,850,BDCGP/CPA,VE,E,20180914,133,SGSIN/PSA,TE,E
BMOU9507847,20180914,133,SGSIN/PSA,TE,E,20180918,2400,SGSIN/UNK,FH,E
,,,,,,,,,,
BMOU9746158,20180827,0,BDCGP/CPA,OH,E,20180909,0,BDCGP/CPA,TE,E
BMOU9746158,20180909,0,BDCGP/CPA,TE,E,20180909,850,BDCGP/CPA,VE,E
BMOU9746158,20180909,850,BDCGP/CPA,VE,E,20180914,3,SGSIN/PSA,TE,E
BMOU9746158,20180914,3,SGSIN/PSA,TE,E,20180918,2400,SGSIN/UNK,FH,E
,,,,,,,,,,
BMOU9761770,20180911,0,BDCGP/CPA,OH,E,20180922,0,BDCGP/CPA,TE,E
BMOU9761770,20180922,0,BDCGP/CPA,TE,E,20180922,920,BDCGP/CPA,VE,E
BMOU9761770,20180922,920,BDCGP/CPA,VE,E,20180926,1639,SGSIN/PSA,TE,E
BMOU9761770,20180926,1639,SGSIN/PSA,TE,E,20181008,2400,SGSIN/UNK,FH,E
,,,,,,,,,,
BMOU9782406,20181001,0,BDCGP/CPA,OH,E,20181007,0,BDCGP/CPA,TE,E
BMOU9782406,20181007,0,BDCGP/CPA,TE,E,20181007,2040,BDCGP/CPA,VE,E
BMOU9782406,20181007,2040,BDCGP/CPA,VE,E,20181012,900,SGSIN/PSA,TE,E
BMOU9782406,20181012,900,SGSIN/PSA,TE,E,20181020,2400,SGSIN/UNK,FH,E
,,,,,,,,,,
BMOU9787542,20181108,0,BDCGP/CPA,OH,E,20181114,0,BDCGP/CPA,TE,E
BMOU9787542,20181114,0,BDCGP/CPA,TE,E,20181114,1300,BDCGP/CPA,VE,E
BMOU9787542,20181114,1300,BDCGP/CPA,VE,E,20181120,628,SGSIN/PSA,TE,E
BMOU9787542,20181120,628,SGSIN/PSA,TE,E,20181130,2400,SGSIN/UNK,FH,E
,,,,,,,,,,
BMOU9790422,20181108,0,BDCGP/CPA,OH,E,20181114,0,BDCGP/CPA,TE,E
BMOU9790422,20181114,0,BDCGP/CPA,TE,E,20181114,1300,BDCGP/CPA,VE,E
BMOU9790422,20181114,1300,BDCGP/CPA,VE,E,20181120,1010,SGSIN/PSA,TE,E
BMOU9790422,20181120,1010,SGSIN/PSA,TE,E,20181130,2400,SGSIN/UNK,FH,E
,,,,,,,,,,
BMOU9792003,20181108,0,BDCGP/CPA,OH,E,20181114,0,BDCGP/CPA,TE,E
BMOU9792003,20181114,0,BDCGP/CPA,TE,E,20181114,1300,BDCGP/CPA,VE,E
BMOU9792003,20181114,1300,BDCGP/CPA,VE,E,20181120,1007,SGSIN/PSA,TE,E
BMOU9792003,20181120,1007,SGSIN/PSA,TE,E,20181130,2400,SGSIN/UNK,FH,E
,,,,,,,,,,
CAIU5459123,20181108,0,BDCGP/CPA,OH,E,20181114,0,BDCGP/CPA,TE,E
CAIU5459123,20181114,0,BDCGP/CPA,TE,E,20181114,1300,BDCGP/CPA,VE,E
CAIU5459123,20181114,1300,BDCGP/CPA,VE,E,20181120,619,SGSIN/PSA,TE,E
CAIU5459123,20181120,619,SGSIN/PSA,TE,E,20181130,2400,SGSIN/UNK,FH,E
,,,,,,,,,,
CAIU5459925,20181108,0,BDCGP/CPA,OH,E,20181114,0,BDCGP/CPA,TE,E
CAIU5459925,20181114,0,BDCGP/CPA,TE,E,20181114,1300,BDCGP/CPA,VE,E
CAIU5459925,20181114,1300,BDCGP/CPA,VE,E,20181120,621,SGSIN/PSA,TE,E
CAIU5459925,20181120,621,SGSIN/PSA,TE,E,20181130,2400,SGSIN/UNK,FH,E
,,,,,,,,,,
CAIU8152341,20181213,0,BDCGP/CPA,OH,E,20181219,0,BDCGP/CPA,TE,E
CAIU8152341,20181219,0,BDCGP/CPA,TE,E,20181219,640,BDCGP/CPA,VE,E
CAIU8152341,20181219,640,BDCGP/CPA,VE,E,20181227,108,SGSIN/PSA,TE,E
CAIU8152341,20181227,108,SGSIN/PSA,TE,E,20181230,2400,SGSIN/UNK,FH,E
,,,,,,,,,,
CBHU2810297,20180911,0,BDCGP/CPA,OH,E,20180922,0,BDCGP/CPA,TE,E
CBHU2810297,20180922,0,BDCGP/CPA,TE,E,20180922,920,BDCGP/CPA,VE,E
CBHU2810297,20180922,920,BDCGP/CPA,VE,E,20180926,1651,SGSIN/PSA,TE,E
CBHU2810297,20180926,1651,SGSIN/PSA,TE,E,20181008,2400,SGSIN/UNK,FH,E
,,,,,,,,,,
CBHU2825403,20181114,0,BDCGP/CPA,OH,E,20181121,0,BDCGP/CPA,TE,E
CBHU2825403,20181121,0,BDCGP/CPA,TE,E,20181121,815,BDCGP/CPA,VE,E
CBHU2825403,20181121,815,BDCGP/CPA,VE,E,20181126,1432,SGSIN/PSA,TE,E
CBHU2825403,20181126,1432,SGSIN/PSA,TE,E,20181130,2400,SGSIN/UNK,FH,E
,,,,,,,,,,
CBHU2828110,20181108,0,BDCGP/CPA,OH,E,20181114,0,BDCGP/CPA,TE,E
CBHU2828110,20181114,0,BDCGP/CPA,TE,E,20181114,1300,BDCGP/CPA,VE,E
CBHU2828110,20181114,1300,BDCGP/CPA,VE,E,20181120,713,SGSIN/PSA,TE,E
CBHU2828110,20181120,713,SGSIN/PSA,TE,E,20181126,2400,SGSIN/UNK,FH,E
,,,,,,,,,,
CBHU2832697,20181129,0,BDCGP/CPA,OH,E,20181205,0,BDCGP/CPA,TE,E
CBHU2832697,20181205,0,BDCGP/CPA,TE,E,20181205,810,BDCGP/CPA,VE,E
CBHU2832697,20181205,810,BDCGP/CPA,VE,E,20181213,420,SGSIN/PSA,TE,E
CBHU2832697,20181213,420,SGSIN/PSA,TE,E,20181220,2400,SGSIN/UNK,FH,E
,,,,,,,,,,
CBHU2834597,20181114,0,BDCGP/CPA,OH,E,20181121,0,BDCGP/CPA,TE,E
CBHU2834597,20181121,0,BDCGP/CPA,TE,E,20181121,815,BDCGP/CPA,VE,E
CBHU2834597,20181121,815,BDCGP/CPA,VE,E,20181126,1427,SGSIN/PSA,TE,E
CBHU2834597,20181126,1427,SGSIN/PSA,TE,E,20181130,2400,SGSIN/UNK,FH,E
,,,,,,,,,,
CBHU2842205,20181129,0,BDCGP/CPA,OH,E,20181205,0,BDCGP/CPA,TE,E
CBHU2842205,20181205,0,BDCGP/CPA,TE,E,20181205,810,BDCGP/CPA,VE,E
CBHU2842205,20181205,810,BDCGP/CPA,VE,E,20181213,451,SGSIN/PSA,TE,E
CBHU2842205,20181213,451,SGSIN/PSA,TE,E,20181220,2400,SGSIN/UNK,FH,E
,,,,,,,,,,
CBHU2983760,20181213,0,BDCGP/CPA,OH,E,20181219,0,BDCGP/CPA,TE,E
CBHU2983760,20181219,0,BDCGP/CPA,TE,E,20181219,640,BDCGP/CPA,VE,E
CBHU2983760,20181219,640,BDCGP/CPA,VE,E,20181227,45,SGSIN/PSA,TE,E
CBHU2983760,20181227,45,SGSIN/PSA,TE,E,20181230,2400,SGSIN/UNK,FH,E
,,,,,,,,,,
CBHU2984529,20181129,0,BDCGP/CPA,OH,E,20181205,0,BDCGP/CPA,TE,E
CBHU2984529,20181205,0,BDCGP/CPA,TE,E,20181205,810,BDCGP/CPA,VE,E
CBHU2984529,20181205,810,BDCGP/CPA,VE,E,20181213,136,SGSIN/PSA,TE,E
CBHU2984529,20181213,136,SGSIN/PSA,TE,E,20181220,2400,SGSIN/UNK,FH,E
,,,,,,,,,,
CBHU2988885,20180911,0,BDCGP/CPA,OH,E,20180922,0,BDCGP/CPA,TE,E
CBHU2988885,20180922,0,BDCGP/CPA,TE,E,20180922,920,BDCGP/CPA,VE,E
CBHU2988885,20180922,920,BDCGP/CPA,VE,E,20180926,1649,SGSIN/PSA,TE,E
CBHU2988885,20180926,1649,SGSIN/PSA,TE,E,20181008,2400,SGSIN/UNK,FH,E
,,,,,,,,,,
CCLU8582527,20180911,0,BDCGP/CPA,OH,E,20180922,0,BDCGP/CPA,TE,E
CCLU8582527,20180922,0,BDCGP/CPA,TE,E,20180922,920,BDCGP/CPA,VE,E
CCLU8582527,20180922,920,BDCGP/CPA,VE,E,20180926,1648,SGSIN/PSA,TE,E
CCLU8582527,20180926,1648,SGSIN/PSA,TE,E,20181008,2400,SGSIN/UNK,FH,E
,,,,,,,,,,
CCLU8583821,20181108,0,BDCGP/CPA,OH,E,20181114,0,BDCGP/CPA,TE,E
CCLU8583821,20181114,0,BDCGP/CPA,TE,E,20181114,1300,BDCGP/CPA,VE,E
CCLU8583821,20181114,1300,BDCGP/CPA,VE,E,20181120,439,SGSIN/PSA,TE,E
CCLU8583821,20181120,439,SGSIN/PSA,TE,E,20181126,2400,SGSIN/UNK,FH,E
,,,,,,,,,,
CCLU8614389,20180911,0,BDCGP/CPA,OH,E,20180922,0,BDCGP/CPA,TE,E
CCLU8614389,20180922,0,BDCGP/CPA,TE,E,20180922,920,BDCGP/CPA,VE,E
CCLU8614389,20180922,920,BDCGP/CPA,VE,E,20180926,1638,SGSIN/PSA,TE,E
CCLU8614389,20180926,1638,SGSIN/PSA,TE,E,20181008,2400,SGSIN/UNK,FH,E
,,,,,,,,,,
CCLU8615723,20181108,0,BDCGP/CPA,OH,E,20181114,0,BDCGP/CPA,TE,E
CCLU8615723,20181114,0,BDCGP/CPA,TE,E,20181114,1300,BDCGP/CPA,VE,E
CCLU8615723,20181114,1300,BDCGP/CPA,VE,E,20181120,1016,SGSIN/PSA,TE,E
CCLU8615723,20181120,1016,SGSIN/PSA,TE,E,20181126,2400,SGSIN/UNK,FH,E
,,,,,,,,,,
CCLU8616247,20181108,0,BDCGP/CPA,OH,E,20181114,0,BDCGP/CPA,TE,E
CCLU8616247,20181114,0,BDCGP/CPA,TE,E,20181114,1300,BDCGP/CPA,VE,E
CCLU8616247,20181114,1300,BDCGP/CPA,VE,E,20181120,956,SGSIN/PSA,TE,E
CCLU8616247,20181120,956,SGSIN/PSA,TE,E,20181126,2400,SGSIN/UNK,FH,E
,,,,,,,,,,
CGMU4936069,20181108,0,BDCGP/CPA,OH,E,20181114,0,BDCGP/CPA,TE,E
CGMU4936069,20181114,0,BDCGP/CPA,TE,E,20181114,1300,BDCGP/CPA,VE,E
CGMU4936069,20181114,1300,BDCGP/CPA,VE,E,20181120,107,SGSIN/PSA,TE,E
CGMU4936069,20181120,107,SGSIN/PSA,TE,E,20181126,2400,SGSIN/UNK,FH,E
,,,,,,,,,,
CGMU5321048,20181108,0,BDCGP/CPA,OH,E,20181114,0,BDCGP/CPA,TE,E
CGMU5321048,20181114,0,BDCGP/CPA,TE,E,20181114,1300,BDCGP/CPA,VE,E
CGMU5321048,20181114,1300,BDCGP/CPA,VE,E,20181120,105,SGSIN/PSA,TE,E
CGMU5321048,20181120,105,SGSIN/PSA,TE,E,20181126,2400,SGSIN/UNK,FH,E
,,,,,,,,,,
CGMU9326032,20180827,0,BDCGP/CPA,OH,E,20180909,0,BDCGP/CPA,TE,E
CGMU9326032,20180909,0,BDCGP/CPA,TE,E,20180909,850,BDCGP/CPA,VE,E
CGMU9326032,20180909,850,BDCGP/CPA,VE,E,20180914,30,SGSIN/PSA,TE,E
CGMU9326032,20180914,30,SGSIN/PSA,TE,E,20180918,2400,SGSIN/UNK,FH,E
,,,,,,,,,,
CHIU9040166,20180827,0,BDCGP/CPA,OH,E,20180909,0,BDCGP/CPA,TE,E
CHIU9040166,20180909,0,BDCGP/CPA,TE,E,20180909,850,BDCGP/CPA,VE,E
CHIU9040166,20180909,850,BDCGP/CPA,VE,E,20180914,102,SGSIN/PSA,TE,E
CHIU9040166,20180914,102,SGSIN/PSA,TE,E,20180918,2400,SGSIN/UNK,FH,E
,,,,,,,,,,
CHIU9059515,20180827,0,BDCGP/CPA,OH,E,20180909,0,BDCGP/CPA,TE,E
CHIU9059515,20180909,0,BDCGP/CPA,TE,E,20180909,850,BDCGP/CPA,VE,E
CHIU9059515,20180909,850,BDCGP/CPA,VE,E,20180914,53,SGSIN/PSA,TE,E
CHIU9059515,20180914,53,SGSIN/PSA,TE,E,20180918,2400,SGSIN/UNK,FH,E
,,,,,,,,,,
CPSU5126294,20180827,0,BDCGP/CPA,OH,E,20180909,0,BDCGP/CPA,TE,E
CPSU5126294,20180909,0,BDCGP/CPA,TE,E,20180909,850,BDCGP/CPA,VE,E
CPSU5126294,20180909,850,BDCGP/CPA,VE,E,20180914,4,SGSIN/PSA,TE,E
CPSU5126294,20180914,4,SGSIN/PSA,TE,E,20180918,2400,SGSIN/UNK,FH,E
,,,,,,,,,,
CRLU1282039,20181108,0,BDCGP/CPA,OH,E,20181114,0,BDCGP/CPA,TE,E
CRLU1282039,20181114,0,BDCGP/CPA,TE,E,20181114,1300,BDCGP/CPA,VE,E
CRLU1282039,20181114,1300,BDCGP/CPA,VE,E,20181120,252,SGSIN/PSA,TE,E
CRLU1282039,20181120,252,SGSIN/PSA,TE,E,20181126,2400,SGSIN/UNK,FH,E
,,,,,,,,,,
CRLU1326651,20180827,0,BDCGP/CPA,OH,E,20180909,0,BDCGP/CPA,TE,E
CRLU1326651,20180909,0,BDCGP/CPA,TE,E,20180909,850,BDCGP/CPA,VE,E
CRLU1326651,20180909,850,BDCGP/CPA,VE,E,20180913,2258,SGSIN/PSA,TE,E
CRLU1326651,20180913,2258,SGSIN/PSA,TE,E,20180918,2400,SGSIN/UNK,FH,E
,,,,,,,,,,
CRLU1600314,20181108,0,BDCGP/CPA,OH,E,20181114,0,BDCGP/CPA,TE,E
CRLU1600314,20181114,0,BDCGP/CPA,TE,E,20181114,1300,BDCGP/CPA,VE,E
CRLU1600314,20181114,1300,BDCGP/CPA,VE,E,20181120,641,SGSIN/PSA,TE,E
CRLU1600314,20181120,641,SGSIN/PSA,TE,E,20181126,2400,SGSIN/UNK,FH,E
,,,,,,,,,,
CRLU6204770,20181202,0,BDCGP/CPA,OH,E,20181207,0,BDCGP/CPA,TE,E
CRLU6204770,20181207,0,BDCGP/CPA,TE,E,20181207,930,BDCGP/CPA,VE,E
CRLU6204770,20181207,930,BDCGP/CPA,VE,E,20181211,1300,SGSIN/PSA,TE,E
CRLU6204770,20181211,1300,SGSIN/PSA,TE,E,20181220,2400,SGSIN/UNK,FH,E
,,,,,,,,,,
CRXU6950816,20180827,0,BDCGP/CPA,OH,E,20180909,0,BDCGP/CPA,TE,E
CRXU6950816,20180909,0,BDCGP/CPA,TE,E,20180909,850,BDCGP/CPA,VE,E
CRXU6950816,20180909,850,BDCGP/CPA,VE,E,20180913,2300,SGSIN/PSA,TE,E
CRXU6950816,20180913,2300,SGSIN/PSA,TE,E,20180918,2400,SGSIN/UNK,FH,E
,,,,,,,,,,
CXRU1027233,20180817,0,BDCGP/CPA,OH,E,20180831,0,BDCGP/CPA,TE,E
CXRU1027233,20180831,0,BDCGP/CPA,TE,E,20180831,1342,BDCGP/CPA,VE,E
CXRU1027233,20180831,1342,BDCGP/CPA,VE,E,20180910,2400,SGSIN/UNK,FH,E
,,,,,,,,,,
CXRU1031927,20181114,0,BDCGP/CPA,OH,E,20181121,0,BDCGP/CPA,TE,E
CXRU1031927,20181121,0,BDCGP/CPA,TE,E,20181121,815,BDCGP/CPA,VE,E
CXRU1031927,20181121,815,BDCGP/CPA,VE,E,20181126,1339,SGSIN/PSA,TE,E
CXRU1031927,20181126,1339,SGSIN/PSA,TE,E,20181130,2400,SGSIN/UNK,FH,E
,,,,,,,,,,
CXRU1033112,20181129,0,BDCGP/CPA,OH,E,20181205,0,BDCGP/CPA,TE,E
CXRU1033112,20181205,0,BDCGP/CPA,TE,E,20181205,810,BDCGP/CPA,VE,E
CXRU1033112,20181205,810,BDCGP/CPA,VE,E,20181212,2103,SGSIN/PSA,TE,E
CXRU1033112,20181212,2103,SGSIN/PSA,TE,E,20181220,2400,SGSIN/UNK,FH,E
,,,,,,,,,,
CXRU1042897,20180827,0,BDCGP/CPA,OH,E,20180909,0,BDCGP/CPA,TE,E
CXRU1042897,20180909,0,BDCGP/CPA,TE,E,20180909,850,BDCGP/CPA,VE,E
CXRU1042897,20180909,850,BDCGP/CPA,VE,E,20180914,50,SGSIN/PSA,TE,E
CXRU1042897,20180914,50,SGSIN/PSA,TE,E,20180918,2400,SGSIN/UNK,FH,E
,,,,,,,,,,
CXRU1045448,20181108,0,BDCGP/CPA,OH,E,20181114,0,BDCGP/CPA,TE,E
CXRU1045448,20181114,0,BDCGP/CPA,TE,E,20181114,1300,BDCGP/CPA,VE,E
CXRU1045448,20181114,1300,BDCGP/CPA,VE,E,20181120,254,SGSIN/PSA,TE,E
CXRU1045448,20181120,254,SGSIN/PSA,TE,E,20181126,2400,SGSIN/UNK,FH,E
,,,,,,,,,,
CXRU1046589,20181108,0,BDCGP/CPA,OH,E,20181114,0,BDCGP/CPA,TE,E
CXRU1046589,20181114,0,BDCGP/CPA,TE,E,20181114,1300,BDCGP/CPA,VE,E
CXRU1046589,20181114,1300,BDCGP/CPA,VE,E,20181120,1031,SGSIN/PSA,TE,E
CXRU1046589,20181120,1031,SGSIN/PSA,TE,E,20181126,2400,SGSIN/UNK,FH,E
,,,,,,,,,,
CXRU1216509,20181114,0,BDCGP/CPA,OH,E,20181121,0,BDCGP/CPA,TE,E
CXRU1216509,20181121,0,BDCGP/CPA,TE,E,20181121,815,BDCGP/CPA,VE,E
CXRU1216509,20181121,815,BDCGP/CPA,VE,E,20181126,1446,SGSIN/PSA,TE,E
CXRU1216509,20181126,1446,SGSIN/PSA,TE,E,20181130,2400,SGSIN/UNK,FH,E
,,,,,,,,,,
CXRU1220052,20181108,0,BDCGP/CPA,OH,E,20181114,0,BDCGP/CPA,TE,E
CXRU1220052,20181114,0,BDCGP/CPA,TE,E,20181114,1300,BDCGP/CPA,VE,E
CXRU1220052,20181114,1300,BDCGP/CPA,VE,E,20181120,1001,SGSIN/PSA,TE,E
CXRU1220052,20181120,1001,SGSIN/PSA,TE,E,20181126,2400,SGSIN/UNK,FH,E
,,,,,,,,,,
CXRU1230180,20181129,0,BDCGP/CPA,OH,E,20181205,0,BDCGP/CPA,TE,E
CXRU1230180,20181205,0,BDCGP/CPA,TE,E,20181205,810,BDCGP/CPA,VE,E
CXRU1230180,20181205,810,BDCGP/CPA,VE,E,20181212,2119,SGSIN/PSA,TE,E
CXRU1230180,20181212,2119,SGSIN/PSA,TE,E,20181220,2400,SGSIN/UNK,FH,E
,,,,,,,,,,
CXRU1230430,20181114,0,BDCGP/CPA,OH,E,20181121,0,BDCGP/CPA,TE,E
CXRU1230430,20181121,0,BDCGP/CPA,TE,E,20181121,815,BDCGP/CPA,VE,E
CXRU1230430,20181121,815,BDCGP/CPA,VE,E,20181126,1417,SGSIN/PSA,TE,E
CXRU1230430,20181126,1417,SGSIN/PSA,TE,E,20181130,2400,SGSIN/UNK,FH,E
,,,,,,,,,,
CXRU1339099,20180827,0,BDCGP/CPA,OH,E,20180909,0,BDCGP/CPA,TE,E
CXRU1339099,20180909,0,BDCGP/CPA,TE,E,20180909,850,BDCGP/CPA,VE,E
CXRU1339099,20180909,850,BDCGP/CPA,VE,E,20180914,47,SGSIN/PSA,TE,E
CXRU1339099,20180914,47,SGSIN/PSA,TE,E,20180918,2400,SGSIN/UNK,FH,E
,,,,,,,,,,
CXRU1375075,20180827,0,BDCGP/CPA,OH,E,20180909,0,BDCGP/CPA,TE,E
CXRU1375075,20180909,0,BDCGP/CPA,TE,E,20180909,850,BDCGP/CPA,VE,E
CXRU1375075,20180909,850,BDCGP/CPA,VE,E,20180913,2304,SGSIN/PSA,TE,E
CXRU1375075,20180913,2304,SGSIN/PSA,TE,E,20180918,2400,SGSIN/UNK,FH,E
,,,,,,,,,,
CXRU1546835,20181108,0,BDCGP/CPA,OH,E,20181114,0,BDCGP/CPA,TE,E
CXRU1546835,20181114,0,BDCGP/CPA,TE,E,20181114,1300,BDCGP/CPA,VE,E
CXRU1546835,20181114,1300,BDCGP/CPA,VE,E,20181120,644,SGSIN/PSA,TE,E
CXRU1546835,20181120,644,SGSIN/PSA,TE,E,20181126,2400,SGSIN/UNK,FH,E
,,,,,,,,,,
CXRU1597426,20181108,0,BDCGP/CPA,OH,E,20181114,0,BDCGP/CPA,TE,E
CXRU1597426,20181114,0,BDCGP/CPA,TE,E,20181114,1300,BDCGP/CPA,VE,E
CXRU1597426,20181114,1300,BDCGP/CPA,VE,E,20181120,127,SGSIN/PSA,TE,E
CXRU1597426,20181120,127,SGSIN/PSA,TE,E,20181126,2400,SGSIN/UNK,FH,E
,,,,,,,,,,
DFOU6100182,20181114,0,BDCGP/CPA,OH,E,20181121,0,BDCGP/CPA,TE,E
DFOU6100182,20181121,0,BDCGP/CPA,TE,E,20181121,815,BDCGP/CPA,VE,E
DFOU6100182,20181121,815,BDCGP/CPA,VE,E,20181126,1429,SGSIN/PSA,TE,E
DFOU6100182,20181126,1429,SGSIN/PSA,TE,E,20181130,2400,SGSIN/UNK,FH,E
,,,,,,,,,,
DFOU6113317,20181114,0,BDCGP/CPA,OH,E,20181121,0,BDCGP/CPA,TE,E
DFOU6113317,20181121,0,BDCGP/CPA,TE,E,20181121,815,BDCGP/CPA,VE,E
DFOU6113317,20181121,815,BDCGP/CPA,VE,E,20181126,1338,SGSIN/PSA,TE,E
DFOU6113317,20181126,1338,SGSIN/PSA,TE,E,20181130,2400,SGSIN/UNK,FH,E
,,,,,,,,,,
DFOU6117210,20180827,0,BDCGP/CPA,OH,E,20180909,0,BDCGP/CPA,TE,E
DFOU6117210,20180909,0,BDCGP/CPA,TE,E,20180909,850,BDCGP/CPA,VE,E
DFOU6117210,20180909,850,BDCGP/CPA,VE,E,20180913,2304,SGSIN/PSA,TE,E
DFOU6117210,20180913,2304,SGSIN/PSA,TE,E,20180918,2400,SGSIN/UNK,FH,E
,,,,,,,,,,
DFOU6125848,20181213,0,BDCGP/CPA,OH,E,20181219,0,BDCGP/CPA,TE,E
DFOU6125848,20181219,0,BDCGP/CPA,TE,E,20181219,640,BDCGP/CPA,VE,E
DFOU6125848,20181219,640,BDCGP/CPA,VE,E,20181227,5,SGSIN/PSA,TE,E
DFOU6125848,20181227,5,SGSIN/PSA,TE,E,20181230,2400,SGSIN/UNK,FH,E
,,,,,,,,,,
DFOU6138790,20181114,0,BDCGP/CPA,OH,E,20181121,0,BDCGP/CPA,TE,E
DFOU6138790,20181121,0,BDCGP/CPA,TE,E,20181121,815,BDCGP/CPA,VE,E
DFOU6138790,20181121,815,BDCGP/CPA,VE,E,20181126,1249,SGSIN/PSA,TE,E
DFOU6138790,20181126,1249,SGSIN/PSA,TE,E,20181130,2400,SGSIN/UNK,FH,E
,,,,,,,,,,
DFOU6143353,20181114,0,BDCGP/CPA,OH,E,20181121,0,BDCGP/CPA,TE,E
DFOU6143353,20181121,0,BDCGP/CPA,TE,E,20181121,815,BDCGP/CPA,VE,E
DFOU6143353,20181121,815,BDCGP/CPA,VE,E,20181126,1344,SGSIN/PSA,TE,E
DFOU6143353,20181126,1344,SGSIN/PSA,TE,E,20181130,2400,SGSIN/UNK,FH,E
,,,,,,,,,,
EMCU5302757,20180911,0,BDCGP/CPA,OH,E,20180922,0,BDCGP/CPA,TE,E
EMCU5302757,20180922,0,BDCGP/CPA,TE,E,20180922,920,BDCGP/CPA,VE,E
EMCU5302757,20180922,920,BDCGP/CPA,VE,E,20180926,1712,SGSIN/PSA,TE,E
EMCU5302757,20180926,1712,SGSIN/PSA,TE,E,20181008,2400,SGSIN/UNK,FH,E
,,,,,,,,,,
GESU9465765,20181108,0,BDCGP/CPA,OH,E,20181114,0,BDCGP/CPA,TE,E
GESU9465765,20181114,0,BDCGP/CPA,TE,E,20181114,1300,BDCGP/CPA,VE,E
GESU9465765,20181114,1300,BDCGP/CPA,VE,E,20181120,431,SGSIN/PSA,TE,E
GESU9465765,20181120,431,SGSIN/PSA,TE,E,20181126,2400,SGSIN/UNK,FH,E
,,,,,,,,,,
GESU9482443,20180827,0,BDCGP/CPA,OH,E,20180909,0,BDCGP/CPA,TE,E
GESU9482443,20180909,0,BDCGP/CPA,TE,E,20180909,850,BDCGP/CPA,VE,E
GESU9482443,20180909,850,BDCGP/CPA,VE,E,20180914,6,SGSIN/PSA,TE,E
GESU9482443,20180914,6,SGSIN/PSA,TE,E,20180918,2400,SGSIN/UNK,FH,E
,,,,,,,,,,
GESU9568613,20181108,0,BDCGP/CPA,OH,E,20181114,0,BDCGP/CPA,TE,E
GESU9568613,20181114,0,BDCGP/CPA,TE,E,20181114,1300,BDCGP/CPA,VE,E
GESU9568613,20181114,1300,BDCGP/CPA,VE,E,20181120,626,SGSIN/PSA,TE,E
GESU9568613,20181120,626,SGSIN/PSA,TE,E,20181126,2400,SGSIN/UNK,FH,E
,,,,,,,,,,
HLBU9147316,20180720,0,BDCGP/CPA,OH,E,20180802,0,BDCGP/CPA,TE,E
HLBU9147316,20180802,0,BDCGP/CPA,TE,E,20180802,1320,BDCGP/CPA,VE,E
HLBU9147316,20180802,1320,BDCGP/CPA,VE,E,20180806,900,SGSIN/PSA,TE,E
HLBU9147316,20180806,900,SGSIN/PSA,TE,E,20180815,2400,SGSIN/UNK,FH,E
,,,,,,,,,,
HLXU6739540,20180720,0,BDCGP/CPA,OH,E,20180802,0,BDCGP/CPA,TE,E
HLXU6739540,20180802,0,BDCGP/CPA,TE,E,20180802,1320,BDCGP/CPA,VE,E
HLXU6739540,20180802,1320,BDCGP/CPA,VE,E,20180806,900,SGSIN/PSA,TE,E
HLXU6739540,20180806,900,SGSIN/PSA,TE,E,20180815,2400,SGSIN/UNK,FH,E
,,,,,,,,,,
HLXU8719137,20180720,0,BDCGP/CPA,OH,E,20180802,0,BDCGP/CPA,TE,E
HLXU8719137,20180802,0,BDCGP/CPA,TE,E,20180802,1320,BDCGP/CPA,VE,E
HLXU8719137,20180802,1320,BDCGP/CPA,VE,E,20180806,900,SGSIN/PSA,TE,E
HLXU8719137,20180806,900,SGSIN/PSA,TE,E,20180815,2400,SGSIN/UNK,FH,E
,,,,,,,,,,
HLXU8787949,20181202,0,BDCGP/CPA,OH,E,20181207,0,BDCGP/CPA,TE,E
HLXU8787949,20181207,0,BDCGP/CPA,TE,E,20181207,930,BDCGP/CPA,VE,E
HLXU8787949,20181207,930,BDCGP/CPA,VE,E,20181211,1300,SGSIN/PSA,TE,E
HLXU8787949,20181211,1300,SGSIN/PSA,TE,E,20181220,2400,SGSIN/UNK,FH,E
,,,,,,,,,,
KKFU6579310,20180419,0,PHMNL/QNA,OH,E,20180419,1000,PHMNL/QNA,TE,E
KKFU6579310,20180419,1000,PHMNL/QNA,TE,E,20180424,1805,PHMNL/QNA,VE,E
KKFU6579310,20180424,1805,PHMNL/QNA,VE,E,20180501,2300,CNTAO/QCN,TE,E
KKFU6579310,20180501,2300,CNTAO/QCN,TE,E,20180531,2400,CNTAO/UNK,FH,E
,,,,,,,,,,
KKFU6580408,20180419,0,PHMNL/QNA,OH,E,20180419,1000,PHMNL/QNA,TE,E
KKFU6580408,20180419,1000,PHMNL/QNA,TE,E,20180424,1805,PHMNL/QNA,VE,E
KKFU6580408,20180424,1805,PHMNL/QNA,VE,E,20180501,2300,CNTAO/QCN,TE,E
KKFU6580408,20180501,2300,CNTAO/QCN,TE,E,20180531,2400,CNTAO/UNK,FH,E
,,,,,,,,,,
KKFU6582530,20180419,0,PHMNL/QNA,OH,E,20180419,1000,PHMNL/QNA,TE,E
KKFU6582530,20180419,1000,PHMNL/QNA,TE,E,20180424,1805,PHMNL/QNA,VE,E
KKFU6582530,20180424,1805,PHMNL/QNA,VE,E,20180501,2300,CNTAO/QCN,TE,E
KKFU6582530,20180501,2300,CNTAO/QCN,TE,E,20180531,2400,CNTAO/UNK,FH,E
,,,,,,,,,,
KKFU6664556,20180419,0,PHMNL/QNA,OH,E,20180419,1000,PHMNL/QNA,TE,E
KKFU6664556,20180419,1000,PHMNL/QNA,TE,E,20180424,1805,PHMNL/QNA,VE,E
KKFU6664556,20180424,1805,PHMNL/QNA,VE,E,20180501,2300,CNTAO/QCN,TE,E
KKFU6664556,20180501,2300,CNTAO/QCN,TE,E,20180531,2400,CNTAO/UNK,FH,E
,,,,,,,,,,
KKFU6669877,20180419,0,PHMNL/QNA,OH,E,20180419,1000,PHMNL/QNA,TE,E
KKFU6669877,20180419,1000,PHMNL/QNA,TE,E,20180424,1805,PHMNL/QNA,VE,E
KKFU6669877,20180424,1805,PHMNL/QNA,VE,E,20180501,2300,CNTAO/QCN,TE,E
KKFU6669877,20180501,2300,CNTAO/QCN,TE,E,20180531,2400,CNTAO/UNK,FH,E
,,,,,,,,,,
KKFU6700062,20180419,0,PHMNL/QNA,OH,E,20180419,1000,PHMNL/QNA,TE,E
KKFU6700062,20180419,1000,PHMNL/QNA,TE,E,20180424,1805,PHMNL/QNA,VE,E
KKFU6700062,20180424,1805,PHMNL/QNA,VE,E,20180501,2300,CNTAO/QCN,TE,E
KKFU6700062,20180501,2300,CNTAO/QCN,TE,E,20180531,2400,CNTAO/UNK,FH,E
,,,,,,,,,,
KKFU6703539,20180419,0,PHMNL/QNA,OH,E,20180419,1000,PHMNL/QNA,TE,E
KKFU6703539,20180419,1000,PHMNL/QNA,TE,E,20180424,1805,PHMNL/QNA,VE,E
KKFU6703539,20180424,1805,PHMNL/QNA,VE,E,20180501,2300,CNTAO/QCN,TE,E
KKFU6703539,20180501,2300,CNTAO/QCN,TE,E,20180531,2400,CNTAO/UNK,FH,E
,,,,,,,,,,
KKFU6705491,20180419,0,PHMNL/QNA,OH,E,20180419,1000,PHMNL/QNA,TE,E
KKFU6705491,20180419,1000,PHMNL/QNA,TE,E,20180424,1805,PHMNL/QNA,VE,E
KKFU6705491,20180424,1805,PHMNL/QNA,VE,E,20180501,2300,CNTAO/QCN,TE,E
KKFU6705491,20180501,2300,CNTAO/QCN,TE,E,20180531,2400,CNTAO/UNK,FH,E
,,,,,,,,,,
KKFU6705742,20180419,0,PHMNL/QNA,OH,E,20180419,1000,PHMNL/QNA,TE,E
KKFU6705742,20180419,1000,PHMNL/QNA,TE,E,20180424,1805,PHMNL/QNA,VE,E
KKFU6705742,20180424,1805,PHMNL/QNA,VE,E,20180501,2300,CNTAO/QCN,TE,E
KKFU6705742,20180501,2300,CNTAO/QCN,TE,E,20180531,2400,CNTAO/UNK,FH,E
,,,,,,,,,,
KKFU6709162,20180422,0,PHMNL/QNA,OH,E,20180422,1514,PHMNL/QNA,TE,E
KKFU6709162,20180422,1514,PHMNL/QNA,TE,E,20180424,1805,PHMNL/QNA,VE,E
KKFU6709162,20180424,1805,PHMNL/QNA,VE,E,20180501,2300,CNTAO/QCN,TE,E
KKFU6709162,20180501,2300,CNTAO/QCN,TE,E,20180531,2400,CNTAO/UNK,FH,E
,,,,,,,,,,
KKFU6709917,20180419,0,PHMNL/QNA,OH,E,20180419,1000,PHMNL/QNA,TE,E
KKFU6709917,20180419,1000,PHMNL/QNA,TE,E,20180424,1805,PHMNL/QNA,VE,E
KKFU6709917,20180424,1805,PHMNL/QNA,VE,E,20180501,2300,CNTAO/QCN,TE,E
KKFU6709917,20180501,2300,CNTAO/QCN,TE,E,20180531,2400,CNTAO/UNK,FH,E
,,,,,,,,,,
KKFU6712546,20180419,0,PHMNL/QNA,OH,E,20180419,1000,PHMNL/QNA,TE,E
KKFU6712546,20180419,1000,PHMNL/QNA,TE,E,20180424,1805,PHMNL/QNA,VE,E
KKFU6712546,20180424,1805,PHMNL/QNA,VE,E,20180501,2300,CNTAO/QCN,TE,E
KKFU6712546,20180501,2300,CNTAO/QCN,TE,E,20180531,2400,CNTAO/UNK,FH,E
,,,,,,,,,,
KKFU6712607,20180419,0,PHMNL/QNA,OH,E,20180420,1000,PHMNL/QNA,TE,E
KKFU6712607,20180420,1000,PHMNL/QNA,TE,E,20180424,1805,PHMNL/QNA,VE,E
KKFU6712607,20180424,1805,PHMNL/QNA,VE,E,20180501,2300,CNTAO/QCN,TE,E
KKFU6712607,20180501,2300,CNTAO/QCN,TE,E,20180531,2400,CNTAO/UNK,FH,E
,,,,,,,,,,
KKFU6713413,20180421,0,PHMNL/QNA,OH,E,20180421,1003,PHMNL/QNA,TE,E
KKFU6713413,20180421,1003,PHMNL/QNA,TE,E,20180424,1805,PHMNL/QNA,VE,E
KKFU6713413,20180424,1805,PHMNL/QNA,VE,E,20180501,2300,CNTAO/QCN,TE,E
KKFU6713413,20180501,2300,CNTAO/QCN,TE,E,20180531,2400,CNTAO/UNK,FH,E
,,,,,,,,,,
KKFU6714580,20180421,0,PHMNL/QNA,OH,E,20180421,1030,PHMNL/QNA,TE,E
KKFU6714580,20180421,1030,PHMNL/QNA,TE,E,20180424,1805,PHMNL/QNA,VE,E
KKFU6714580,20180424,1805,PHMNL/QNA,VE,E,20180501,2300,CNTAO/QCN,TE,E
KKFU6714580,20180501,2300,CNTAO/QCN,TE,E,20180531,2400,CNTAO/UNK,FH,E
,,,,,,,,,,
KKFU6715756,20181229,0,CNSHA/UNK,OH,E,20181229,1,CNSHA/WG1,SF,E
KKFU6715756,20181229,1,CNSHA/WG1,SF,E,20181230,1900,CNSHA/WG1,LF,F
,,,,,,,,,,
KLIU2400210,20180811,0,JPNGO/UNK,OH,E,20180814,1504,JPNGO/NSM,LF,F
KLIU2400210,20180814,1504,JPNGO/NSM,LF,F,20180819,2357,JPNGO/NSM,VF,F
KLIU2400210,20180819,2357,JPNGO/NSM,VF,F,20180822,957,KRPUS/HNC,DF,F
KLIU2400210,20180822,957,KRPUS/HNC,DF,F,20180827,1122,KRPUS/PIC,OI,F
KLIU2400210,20180827,1122,KRPUS/PIC,OI,F,20180827,1130,KRPUS/PIC,LF,F
KLIU2400210,20180827,1130,KRPUS/PIC,LF,F,20180830,1200,KRPUS/PIC,VF,F
KLIU2400210,20180830,1200,KRPUS/PIC,VF,F,20180920,2037,USNYC/MST,DF,F
KLIU2400210,20180920,2037,USNYC/MST,DF,F,20180926,910,USNYC/MST,CF,F
KLIU2400210,20180926,910,USNYC/MST,CF,F,20180927,1600,USNYC/UNK,FH,E
,,,,,,,,,,
MEDU9130775,20180827,0,BDCGP/CPA,OH,E,20180909,0,BDCGP/CPA,TE,E
MEDU9130775,20180909,0,BDCGP/CPA,TE,E,20180909,850,BDCGP/CPA,VE,E
MEDU9130775,20180909,850,BDCGP/CPA,VE,E,20180913,2235,SGSIN/PSA,TE,E
MEDU9130775,20180913,2235,SGSIN/PSA,TE,E,20180918,2400,SGSIN/UNK,FH,E
,,,,,,,,,,
MMAU1052873,20180817,0,BDCGP/CPA,OH,E,20180831,0,BDCGP/CPA,TE,E
MMAU1052873,20180831,0,BDCGP/CPA,TE,E,20180831,1342,BDCGP/CPA,VE,E
MMAU1052873,20180831,1342,BDCGP/CPA,VE,E,20180910,2400,SGSIN/UNK,FH,E
,,,,,,,,,,
MMAU1252640,20181214,0,BDCGP/CPA,OH,E,20181220,0,BDCGP/CPA,TE,E
MMAU1252640,20181220,0,BDCGP/CPA,TE,E,20181220,815,BDCGP/CPA,VE,E
MMAU1252640,20181220,815,BDCGP/CPA,VE,E,20181224,900,SGSIN/PSA,TE,E
MMAU1252640,20181224,900,SGSIN/PSA,TE,E,20181228,2400,SGSIN/UNK,FH,E
,,,,,,,,,,
MNBU0001910,20181213,0,BDCGP/CPA,OH,E,20181219,0,BDCGP/CPA,TE,E
MNBU0001910,20181219,0,BDCGP/CPA,TE,E,20181219,640,BDCGP/CPA,VE,E
MNBU0001910,20181219,640,BDCGP/CPA,VE,E,20181227,206,SGSIN/PSA,TE,E
MNBU0001910,20181227,206,SGSIN/PSA,TE,E,20181230,2400,SGSIN/UNK,FH,E
,,,,,,,,,,
MNBU0153641,20181129,0,BDCGP/CPA,OH,E,20181205,0,BDCGP/CPA,TE,E
MNBU0153641,20181205,0,BDCGP/CPA,TE,E,20181205,810,BDCGP/CPA,VE,E
MNBU0153641,20181205,810,BDCGP/CPA,VE,E,20181212,2121,SGSIN/PSA,TE,E
MNBU0153641,20181212,2121,SGSIN/PSA,TE,E,20181220,2400,SGSIN/UNK,FH,E
,,,,,,,,,,
MNBU0189428,20181129,0,BDCGP/CPA,OH,E,20181205,0,BDCGP/CPA,TE,E
MNBU0189428,20181205,0,BDCGP/CPA,TE,E,20181205,810,BDCGP/CPA,VE,E
MNBU0189428,20181205,810,BDCGP/CPA,VE,E,20181212,2106,SGSIN/PSA,TE,E
MNBU0189428,20181212,2106,SGSIN/PSA,TE,E,20181220,2400,SGSIN/UNK,FH,E
,,,,,,,,,,
MNBU0196453,20180720,0,BDCGP/CPA,OH,E,20180802,0,BDCGP/CPA,TE,E
MNBU0196453,20180802,0,BDCGP/CPA,TE,E,20180802,1320,BDCGP/CPA,VE,E
MNBU0196453,20180802,1320,BDCGP/CPA,VE,E,20180806,900,SGSIN/PSA,TE,E
MNBU0196453,20180806,900,SGSIN/PSA,TE,E,20180815,2400,SGSIN/UNK,FH,E
,,,,,,,,,,
MNBU0217237,20181213,0,BDCGP/CPA,OH,E,20181219,0,BDCGP/CPA,TE,E
MNBU0217237,20181219,0,BDCGP/CPA,TE,E,20181219,640,BDCGP/CPA,VE,E
MNBU0217237,20181219,640,BDCGP/CPA,VE,E,20181227,203,SGSIN/PSA,TE,E
MNBU0217237,20181227,203,SGSIN/PSA,TE,E,20181230,2400,SGSIN/UNK,FH,E
,,,,,,,,,,
MNBU0318680,20181202,0,BDCGP/CPA,OH,E,20181207,0,BDCGP/CPA,TE,E
MNBU0318680,20181207,0,BDCGP/CPA,TE,E,20181207,930,BDCGP/CPA,VE,E
MNBU0318680,20181207,930,BDCGP/CPA,VE,E,20181211,1300,SGSIN/PSA,TE,E
MNBU0318680,20181211,1300,SGSIN/PSA,TE,E,20181220,2400,SGSIN/UNK,FH,E
,,,,,,,,,,
MNBU3077843,20181202,0,BDCGP/CPA,OH,E,20181207,0,BDCGP/CPA,TE,E
MNBU3077843,20181207,0,BDCGP/CPA,TE,E,20181207,930,BDCGP/CPA,VE,E
MNBU3077843,20181207,930,BDCGP/CPA,VE,E,20181211,1658,SGSIN/PSA,TE,E
MNBU3077843,20181211,1658,SGSIN/PSA,TE,E,20181220,2400,SGSIN/UNK,FH,E
,,,,,,,,,,
MNBU3080282,20180911,0,BDCGP/CPA,OH,E,20180922,0,BDCGP/CPA,TE,E
MNBU3080282,20180922,0,BDCGP/CPA,TE,E,20180922,920,BDCGP/CPA,VE,E
MNBU3080282,20180922,920,BDCGP/CPA,VE,E,20180926,2044,SGSIN/PSA,TE,E
MNBU3080282,20180926,2044,SGSIN/PSA,TE,E,20181008,2400,SGSIN/UNK,FH,E
,,,,,,,,,,
MNBU3294685,20181129,0,BDCGP/CPA,OH,E,20181205,0,BDCGP/CPA,TE,E
MNBU3294685,20181205,0,BDCGP/CPA,TE,E,20181205,810,BDCGP/CPA,VE,E
MNBU3294685,20181205,810,BDCGP/CPA,VE,E,20181212,2014,SGSIN/PSA,TE,E
MNBU3294685,20181212,2014,SGSIN/PSA,TE,E,20181220,2400,SGSIN/UNK,FH,E
,,,,,,,,,,
MNBU3390797,20180817,0,BDCGP/CPA,OH,E,20180831,0,BDCGP/CPA,TE,E
MNBU3390797,20180831,0,BDCGP/CPA,TE,E,20180831,1342,BDCGP/CPA,VE,E
MNBU3390797,20180831,1342,BDCGP/CPA,VE,E,20180910,2400,SGSIN/UNK,FH,E
,,,,,,,,,,
MNBU3408216,20181202,0,BDCGP/CPA,OH,E,20181207,0,BDCGP/CPA,TE,E
MNBU3408216,20181207,0,BDCGP/CPA,TE,E,20181207,930,BDCGP/CPA,VE,E
MNBU3408216,20181207,930,BDCGP/CPA,VE,E,20181211,1658,SGSIN/PSA,TE,E
MNBU3408216,20181211,1658,SGSIN/PSA,TE,E,20181220,2400,SGSIN/UNK,FH,E
,,,,,,,,,,
MNBU3467414,20180817,0,BDCGP/CPA,OH,E,20180831,0,BDCGP/CPA,TE,E
MNBU3467414,20180831,0,BDCGP/CPA,TE,E,20180831,1342,BDCGP/CPA,VE,E
MNBU3467414,20180831,1342,BDCGP/CPA,VE,E,20180910,2400,SGSIN/UNK,FH,E
,,,,,,,,,,
MNBU3711686,20181214,0,BDCGP/CPA,OH,E,20181220,0,BDCGP/CPA,TE,E
MNBU3711686,20181220,0,BDCGP/CPA,TE,E,20181220,815,BDCGP/CPA,VE,E
MNBU3711686,20181220,815,BDCGP/CPA,VE,E,20181224,900,SGSIN/PSA,TE,E
MNBU3711686,20181224,900,SGSIN/PSA,TE,E,20181228,2400,SGSIN/UNK,FH,E
,,,,,,,,,,
MNBU3882117,20180817,0,BDCGP/CPA,OH,E,20180831,0,BDCGP/CPA,TE,E
MNBU3882117,20180831,0,BDCGP/CPA,TE,E,20180831,1342,BDCGP/CPA,VE,E
MNBU3882117,20180831,1342,BDCGP/CPA,VE,E,20180910,2400,SGSIN/UNK,FH,E
,,,,,,,,,,
MNBU3989846,20181108,0,BDCGP/CPA,OH,E,20181114,0,BDCGP/CPA,TE,E
MNBU3989846,20181114,0,BDCGP/CPA,TE,E,20181114,1300,BDCGP/CPA,VE,E
MNBU3989846,20181114,1300,BDCGP/CPA,VE,E,20181120,310,SGSIN/PSA,TE,E
MNBU3989846,20181120,310,SGSIN/PSA,TE,E,20181126,2400,SGSIN/UNK,FH,E
,,,,,,,,,,
MNBU4044700,20181001,0,BDCGP/CPA,OH,E,20181007,0,BDCGP/CPA,TE,E
MNBU4044700,20181007,0,BDCGP/CPA,TE,E,20181007,2040,BDCGP/CPA,VE,E
MNBU4044700,20181007,2040,BDCGP/CPA,VE,E,20181012,900,SGSIN/PSA,TE,E
MNBU4044700,20181012,900,SGSIN/PSA,TE,E,20181020,2400,SGSIN/UNK,FH,E
,,,,,,,,,,
MNBU9034520,20181214,0,BDCGP/CPA,OH,E,20181220,0,BDCGP/CPA,TE,E
MNBU9034520,20181220,0,BDCGP/CPA,TE,E,20181220,815,BDCGP/CPA,VE,E
MNBU9034520,20181220,815,BDCGP/CPA,VE,E,20181224,900,SGSIN/PSA,TE,E
MNBU9034520,20181224,900,SGSIN/PSA,TE,E,20181228,2400,SGSIN/UNK,FH,E
,,,,,,,,,,
MNBU9035090,20181213,0,BDCGP/CPA,OH,E,20181219,0,BDCGP/CPA,TE,E
MNBU9035090,20181219,0,BDCGP/CPA,TE,E,20181219,640,BDCGP/CPA,VE,E
MNBU9035090,20181219,640,BDCGP/CPA,VE,E,20181227,255,SGSIN/PSA,TE,E
MNBU9035090,20181227,255,SGSIN/PSA,TE,E,20181230,2400,SGSIN/UNK,FH,E
,,,,,,,,,,
MNBU9035423,20181213,0,BDCGP/CPA,OH,E,20181219,0,BDCGP/CPA,TE,E
MNBU9035423,20181219,0,BDCGP/CPA,TE,E,20181219,640,BDCGP/CPA,VE,E
MNBU9035423,20181219,640,BDCGP/CPA,VE,E,20181227,256,SGSIN/PSA,TE,E
MNBU9035423,20181227,256,SGSIN/PSA,TE,E,20181230,2400,SGSIN/UNK,FH,E
,,,,,,,,,,
MNBU9036230,20181213,0,BDCGP/CPA,OH,E,20181219,0,BDCGP/CPA,TE,E
MNBU9036230,20181219,0,BDCGP/CPA,TE,E,20181219,640,BDCGP/CPA,VE,E
MNBU9036230,20181219,640,BDCGP/CPA,VE,E,20181227,202,SGSIN/PSA,TE,E
MNBU9036230,20181227,202,SGSIN/PSA,TE,E,20181230,2400,SGSIN/UNK,FH,E
,,,,,,,,,,
MNBU9037982,20181214,0,BDCGP/CPA,OH,E,20181220,0,BDCGP/CPA,TE,E
MNBU9037982,20181220,0,BDCGP/CPA,TE,E,20181220,815,BDCGP/CPA,VE,E
MNBU9037982,20181220,815,BDCGP/CPA,VE,E,20181224,900,SGSIN/PSA,TE,E
MNBU9037982,20181224,900,SGSIN/PSA,TE,E,20181228,2400,SGSIN/UNK,FH,E
,,,,,,,,,,
MNBU9045530,20181129,0,BDCGP/CPA,OH,E,20181205,0,BDCGP/CPA,TE,E
MNBU9045530,20181205,0,BDCGP/CPA,TE,E,20181205,810,BDCGP/CPA,VE,E
MNBU9045530,20181205,810,BDCGP/CPA,VE,E,20181212,2016,SGSIN/PSA,TE,E
MNBU9045530,20181212,2016,SGSIN/PSA,TE,E,20181220,2400,SGSIN/UNK,FH,E
,,,,,,,,,,
MNBU9051506,20181214,0,BDCGP/CPA,OH,E,20181220,0,BDCGP/CPA,TE,E
MNBU9051506,20181220,0,BDCGP/CPA,TE,E,20181220,815,BDCGP/CPA,VE,E
MNBU9051506,20181220,815,BDCGP/CPA,VE,E,20181224,900,SGSIN/PSA,TE,E
MNBU9051506,20181224,900,SGSIN/PSA,TE,E,20181228,2400,SGSIN/UNK,FH,E
,,,,,,,,,,
MORU1306158,20181001,0,BDCGP/CPA,OH,E,20181007,0,BDCGP/CPA,TE,E
MORU1306158,20181007,0,BDCGP/CPA,TE,E,20181007,2040,BDCGP/CPA,VE,E
MORU1306158,20181007,2040,BDCGP/CPA,VE,E,20181012,900,SGSIN/PSA,TE,E
MORU1306158,20181012,900,SGSIN/PSA,TE,E,20181020,2400,SGSIN/UNK,FH,E
,,,,,,,,,,
MSWU9054750,20181001,0,BDCGP/CPA,OH,E,20181007,0,BDCGP/CPA,TE,E
MSWU9054750,20181007,0,BDCGP/CPA,TE,E,20181007,2040,BDCGP/CPA,VE,E
MSWU9054750,20181007,2040,BDCGP/CPA,VE,E,20181012,900,SGSIN/PSA,TE,E
MSWU9054750,20181012,900,SGSIN/PSA,TE,E,20181020,2400,SGSIN/UNK,FH,E
,,,,,,,,,,
MWCU5321668,20180720,0,BDCGP/CPA,OH,E,20180802,0,BDCGP/CPA,TE,E
MWCU5321668,20180802,0,BDCGP/CPA,TE,E,20180802,1320,BDCGP/CPA,VE,E
MWCU5321668,20180802,1320,BDCGP/CPA,VE,E,20180806,900,SGSIN/PSA,TE,E
MWCU5321668,20180806,900,SGSIN/PSA,TE,E,20180815,2400,SGSIN/UNK,FH,E
,,,,,,,,,,
MWCU6722449,20181129,0,BDCGP/CPA,OH,E,20181205,0,BDCGP/CPA,TE,E
MWCU6722449,20181205,0,BDCGP/CPA,TE,E,20181205,810,BDCGP/CPA,VE,E
MWCU6722449,20181205,810,BDCGP/CPA,VE,E,20181212,2013,SGSIN/PSA,TE,E
MWCU6722449,20181212,2013,SGSIN/PSA,TE,E,20181220,2400,SGSIN/UNK,FH,E
,,,,,,,,,,
MWCU6767696,20181129,0,BDCGP/CPA,OH,E,20181205,0,BDCGP/CPA,TE,E
MWCU6767696,20181205,0,BDCGP/CPA,TE,E,20181205,810,BDCGP/CPA,VE,E
MWCU6767696,20181205,810,BDCGP/CPA,VE,E,20181213,448,SGSIN/PSA,TE,E
MWCU6767696,20181213,448,SGSIN/PSA,TE,E,20181220,2400,SGSIN/UNK,FH,E
,,,,,,,,,,
MWCU6767989,20181001,0,BDCGP/CPA,OH,E,20181007,0,BDCGP/CPA,TE,E
MWCU6767989,20181007,0,BDCGP/CPA,TE,E,20181007,2040,BDCGP/CPA,VE,E
MWCU6767989,20181007,2040,BDCGP/CPA,VE,E,20181012,900,SGSIN/PSA,TE,E
MWCU6767989,20181012,900,SGSIN/PSA,TE,E,20181020,2400,SGSIN/UNK,FH,E
,,,,,,,,,,
MWCU6782094,20181129,0,BDCGP/CPA,OH,E,20181205,0,BDCGP/CPA,TE,E
MWCU6782094,20181205,0,BDCGP/CPA,TE,E,20181205,810,BDCGP/CPA,VE,E
MWCU6782094,20181205,810,BDCGP/CPA,VE,E,20181213,421,SGSIN/PSA,TE,E
MWCU6782094,20181213,421,SGSIN/PSA,TE,E,20181220,2400,SGSIN/UNK,FH,E
,,,,,,,,,,
MWMU6309857,20180911,0,BDCGP/CPA,OH,E,20180922,0,BDCGP/CPA,TE,E
MWMU6309857,20180922,0,BDCGP/CPA,TE,E,20180922,920,BDCGP/CPA,VE,E
MWMU6309857,20180922,920,BDCGP/CPA,VE,E,20180926,2013,SGSIN/PSA,TE,E
MWMU6309857,20180926,2013,SGSIN/PSA,TE,E,20181008,2400,SGSIN/UNK,FH,E
,,,,,,,,,,
OERU4001180,20181129,0,BDCGP/CPA,OH,E,20181205,0,BDCGP/CPA,TE,E
OERU4001180,20181205,0,BDCGP/CPA,TE,E,20181205,810,BDCGP/CPA,VE,E
OERU4001180,20181205,810,BDCGP/CPA,VE,E,20181213,450,SGSIN/PSA,TE,E
OERU4001180,20181213,450,SGSIN/PSA,TE,E,20181220,2400,SGSIN/UNK,FH,E
,,,,,,,,,,
OERU4004636,20181108,0,BDCGP/CPA,OH,E,20181114,0,BDCGP/CPA,TE,E
OERU4004636,20181114,0,BDCGP/CPA,TE,E,20181114,1300,BDCGP/CPA,VE,E
OERU4004636,20181114,1300,BDCGP/CPA,VE,E,20181120,642,SGSIN/PSA,TE,E
OERU4004636,20181120,642,SGSIN/PSA,TE,E,20181126,2400,SGSIN/UNK,FH,E
,,,,,,,,,,
OERU4016787,20181213,0,BDCGP/CPA,OH,E,20181219,0,BDCGP/CPA,TE,E
OERU4016787,20181219,0,BDCGP/CPA,TE,E,20181219,640,BDCGP/CPA,VE,E
OERU4016787,20181219,640,BDCGP/CPA,VE,E,20181227,50,SGSIN/PSA,TE,E
OERU4016787,20181227,50,SGSIN/PSA,TE,E,20181230,2400,SGSIN/UNK,FH,E
,,,,,,,,,,
OERU4019385,20181213,0,BDCGP/CPA,OH,E,20181219,0,BDCGP/CPA,TE,E
OERU4019385,20181219,0,BDCGP/CPA,TE,E,20181219,640,BDCGP/CPA,VE,E
OERU4019385,20181219,640,BDCGP/CPA,VE,E,20181227,118,SGSIN/PSA,TE,E
OERU4019385,20181227,118,SGSIN/PSA,TE,E,20181230,2400,SGSIN/UNK,FH,E
,,,,,,,,,,
OOLU6167918,20181108,0,BDCGP/CPA,OH,E,20181114,0,BDCGP/CPA,TE,E
OOLU6167918,20181114,0,BDCGP/CPA,TE,E,20181114,1300,BDCGP/CPA,VE,E
OOLU6167918,20181114,1300,BDCGP/CPA,VE,E,20181120,810,SGSIN/PSA,TE,E
OOLU6167918,20181120,810,SGSIN/PSA,TE,E,20181126,2400,SGSIN/UNK,FH,E
,,,,,,,,,,
OOLU6229049,20181108,0,BDCGP/CPA,OH,E,20181114,0,BDCGP/CPA,TE,E
OOLU6229049,20181114,0,BDCGP/CPA,TE,E,20181114,1300,BDCGP/CPA,VE,E
OOLU6229049,20181114,1300,BDCGP/CPA,VE,E,20181120,808,SGSIN/PSA,TE,E
OOLU6229049,20181120,808,SGSIN/PSA,TE,E,20181126,2400,SGSIN/UNK,FH,E
,,,,,,,,,,
OOLU6277474,20180817,0,BDCGP/CPA,OH,E,20180831,0,BDCGP/CPA,TE,E
OOLU6277474,20180831,0,BDCGP/CPA,TE,E,20180831,1342,BDCGP/CPA,VE,E
OOLU6277474,20180831,1342,BDCGP/CPA,VE,E,20180910,2400,SGSIN/UNK,FH,E
,,,,,,,,,,
OOLU6279353,20181117,0,BDCGP/CPA,OH,E,20181125,0,BDCGP/CPA,TE,E
OOLU6279353,20181125,0,BDCGP/CPA,TE,E,20181125,1025,BDCGP/CPA,VE,E
OOLU6279353,20181125,1025,BDCGP/CPA,VE,E,20181129,1620,SGSIN/PSA,TE,E
OOLU6279353,20181129,1620,SGSIN/PSA,TE,E,20181210,2400,SGSIN/UNK,FH,E
,,,,,,,,,,
OOLU6282640,20181108,0,BDCGP/CPA,OH,E,20181114,0,BDCGP/CPA,TE,E
OOLU6282640,20181114,0,BDCGP/CPA,TE,E,20181114,1300,BDCGP/CPA,VE,E
OOLU6282640,20181114,1300,BDCGP/CPA,VE,E,20181120,756,SGSIN/PSA,TE,E
OOLU6282640,20181120,756,SGSIN/PSA,TE,E,20181126,2400,SGSIN/UNK,FH,E
,,,,,,,,,,
OOLU6475588,20181117,0,BDCGP/CPA,OH,E,20181125,0,BDCGP/CPA,TE,E
OOLU6475588,20181125,0,BDCGP/CPA,TE,E,20181125,1025,BDCGP/CPA,VE,E
OOLU6475588,20181125,1025,BDCGP/CPA,VE,E,20181129,1426,SGSIN/PSA,TE,E
OOLU6475588,20181129,1426,SGSIN/PSA,TE,E,20181210,2400,SGSIN/UNK,FH,E
,,,,,,,,,,
OOLU6494253,20181117,0,BDCGP/CPA,OH,E,20181125,0,BDCGP/CPA,TE,E
OOLU6494253,20181125,0,BDCGP/CPA,TE,E,20181125,1025,BDCGP/CPA,VE,E
OOLU6494253,20181125,1025,BDCGP/CPA,VE,E,20181129,1350,SGSIN/PSA,TE,E
OOLU6494253,20181129,1350,SGSIN/PSA,TE,E,20181210,2400,SGSIN/UNK,FH,E
,,,,,,,,,,
PCIU6000517,20181108,0,BDCGP/CPA,OH,E,20181114,0,BDCGP/CPA,TE,E
PCIU6000517,20181114,0,BDCGP/CPA,TE,E,20181114,1300,BDCGP/CPA,VE,E
PCIU6000517,20181114,1300,BDCGP/CPA,VE,E,20181120,111,SGSIN/PSA,TE,E
PCIU6000517,20181120,111,SGSIN/PSA,TE,E,20181126,2400,SGSIN/UNK,FH,E
,,,,,,,,,,
PCIU6002850,20181108,0,BDCGP/CPA,OH,E,20181114,0,BDCGP/CPA,TE,E
PCIU6002850,20181114,0,BDCGP/CPA,TE,E,20181114,1300,BDCGP/CPA,VE,E
PCIU6002850,20181114,1300,BDCGP/CPA,VE,E,20181120,617,SGSIN/PSA,TE,E
PCIU6002850,20181120,617,SGSIN/PSA,TE,E,20181126,2400,SGSIN/UNK,FH,E
,,,,,,,,,,
PCIU6004148,20181129,0,BDCGP/CPA,OH,E,20181205,0,BDCGP/CPA,TE,E
PCIU6004148,20181205,0,BDCGP/CPA,TE,E,20181205,810,BDCGP/CPA,VE,E
PCIU6004148,20181205,810,BDCGP/CPA,VE,E,20181212,2119,SGSIN/PSA,TE,E
PCIU6004148,20181212,2119,SGSIN/PSA,TE,E,20181220,2400,SGSIN/UNK,FH,E
,,,,,,,,,,
PCIU6006393,20181108,0,BDCGP/CPA,OH,E,20181114,0,BDCGP/CPA,TE,E
PCIU6006393,20181114,0,BDCGP/CPA,TE,E,20181114,1300,BDCGP/CPA,VE,E
PCIU6006393,20181114,1300,BDCGP/CPA,VE,E,20181120,1000,SGSIN/PSA,TE,E
PCIU6006393,20181120,1000,SGSIN/PSA,TE,E,20181126,2400,SGSIN/UNK,FH,E
,,,,,,,,,,
PCIU6011363,20181108,0,BDCGP/CPA,OH,E,20181114,0,BDCGP/CPA,TE,E
PCIU6011363,20181114,0,BDCGP/CPA,TE,E,20181114,1300,BDCGP/CPA,VE,E
PCIU6011363,20181114,1300,BDCGP/CPA,VE,E,20181120,631,SGSIN/PSA,TE,E
PCIU6011363,20181120,631,SGSIN/PSA,TE,E,20181126,2400,SGSIN/UNK,FH,E
,,,,,,,,,,
PCIU6020262,20181129,0,BDCGP/CPA,OH,E,20181205,0,BDCGP/CPA,TE,E
PCIU6020262,20181205,0,BDCGP/CPA,TE,E,20181205,810,BDCGP/CPA,VE,E
PCIU6020262,20181205,810,BDCGP/CPA,VE,E,20181212,2017,SGSIN/PSA,TE,E
PCIU6020262,20181212,2017,SGSIN/PSA,TE,E,20181220,2400,SGSIN/UNK,FH,E
,,,,,,,,,,
PCIU6021171,20181108,0,BDCGP/CPA,OH,E,20181114,0,BDCGP/CPA,TE,E
PCIU6021171,20181114,0,BDCGP/CPA,TE,E,20181114,1300,BDCGP/CPA,VE,E
PCIU6021171,20181114,1300,BDCGP/CPA,VE,E,20181120,948,SGSIN/PSA,TE,E
PCIU6021171,20181120,948,SGSIN/PSA,TE,E,20181126,2400,SGSIN/UNK,FH,E
,,,,,,,,,,
PCIU6022060,20181108,0,BDCGP/CPA,OH,E,20181114,0,BDCGP/CPA,TE,E
PCIU6022060,20181114,0,BDCGP/CPA,TE,E,20181114,1300,BDCGP/CPA,VE,E
PCIU6022060,20181114,1300,BDCGP/CPA,VE,E,20181120,533,SGSIN/PSA,TE,E
PCIU6022060,20181120,533,SGSIN/PSA,TE,E,20181126,2400,SGSIN/UNK,FH,E
,,,,,,,,,,
PCIU6035637,20181108,0,BDCGP/CPA,OH,E,20181114,0,BDCGP/CPA,TE,E
PCIU6035637,20181114,0,BDCGP/CPA,TE,E,20181114,1300,BDCGP/CPA,VE,E
PCIU6035637,20181114,1300,BDCGP/CPA,VE,E,20181120,1007,SGSIN/PSA,TE,E
PCIU6035637,20181120,1007,SGSIN/PSA,TE,E,20181126,2400,SGSIN/UNK,FH,E
,,,,,,,,,,
PCIU6060183,20180827,0,BDCGP/CPA,OH,E,20180909,0,BDCGP/CPA,TE,E
PCIU6060183,20180909,0,BDCGP/CPA,TE,E,20180909,850,BDCGP/CPA,VE,E
PCIU6060183,20180909,850,BDCGP/CPA,VE,E,20180913,2330,SGSIN/PSA,TE,E
PCIU6060183,20180913,2330,SGSIN/PSA,TE,E,20180918,2400,SGSIN/UNK,FH,E
,,,,,,,,,,
PCIU6061180,20181108,0,BDCGP/CPA,OH,E,20181114,0,BDCGP/CPA,TE,E
PCIU6061180,20181114,0,BDCGP/CPA,TE,E,20181114,1300,BDCGP/CPA,VE,E
PCIU6061180,20181114,1300,BDCGP/CPA,VE,E,20181120,631,SGSIN/PSA,TE,E
PCIU6061180,20181120,631,SGSIN/PSA,TE,E,20181126,2400,SGSIN/UNK,FH,E
,,,,,,,,,,
PCIU6062273,20180720,0,BDCGP/CPA,OH,E,20180802,0,BDCGP/CPA,TE,E
PCIU6062273,20180802,0,BDCGP/CPA,TE,E,20180802,1320,BDCGP/CPA,VE,E
PCIU6062273,20180802,1320,BDCGP/CPA,VE,E,20180806,900,SGSIN/PSA,TE,E
PCIU6062273,20180806,900,SGSIN/PSA,TE,E,20180815,2400,SGSIN/UNK,FH,E
,,,,,,,,,,
PCIU6062421,20181108,0,BDCGP/CPA,OH,E,20181114,0,BDCGP/CPA,TE,E
PCIU6062421,20181114,0,BDCGP/CPA,TE,E,20181114,1300,BDCGP/CPA,VE,E
PCIU6062421,20181114,1300,BDCGP/CPA,VE,E,20181120,947,SGSIN/PSA,TE,E
PCIU6062421,20181120,947,SGSIN/PSA,TE,E,20181126,2400,SGSIN/UNK,FH,E
,,,,,,,,,,
PCIU6083553,20181129,0,BDCGP/CPA,OH,E,20181205,0,BDCGP/CPA,TE,E
PCIU6083553,20181205,0,BDCGP/CPA,TE,E,20181205,810,BDCGP/CPA,VE,E
PCIU6083553,20181205,810,BDCGP/CPA,VE,E,20181212,2041,SGSIN/PSA,TE,E
PCIU6083553,20181212,2041,SGSIN/PSA,TE,E,20181220,2400,SGSIN/UNK,FH,E
,,,,,,,,,,
PCIU6085319,20181213,0,BDCGP/CPA,OH,E,20181219,0,BDCGP/CPA,TE,E
PCIU6085319,20181219,0,BDCGP/CPA,TE,E,20181219,640,BDCGP/CPA,VE,E
PCIU6085319,20181219,640,BDCGP/CPA,VE,E,20181227,125,SGSIN/PSA,TE,E
PCIU6085319,20181227,125,SGSIN/PSA,TE,E,20181230,2400,SGSIN/UNK,FH,E
,,,,,,,,,,
PCIU8248673,20181114,0,BDCGP/CPA,OH,E,20181121,0,BDCGP/CPA,TE,E
PCIU8248673,20181121,0,BDCGP/CPA,TE,E,20181121,815,BDCGP/CPA,VE,E
,,,,,,,,,,
PCIU8374408,20181114,0,BDCGP/CPA,OH,E,20181121,0,BDCGP/CPA,TE,E
PCIU8374408,20181121,0,BDCGP/CPA,TE,E,20181121,815,BDCGP/CPA,VE,E
,,,,,,,,,,
PCIU8966623,20181114,0,BDCGP/CPA,OH,E,20181121,0,BDCGP/CPA,TE,E
PCIU8966623,20181121,0,BDCGP/CPA,TE,E,20181121,815,BDCGP/CPA,VE,E
,,,,,,,,,,
SEGU9111154,20180427,0,MYPKG/UNK,OH,E,20180427,800,MYPKG/UNK,SF,E
SEGU9111154,20180427,800,MYPKG/UNK,SF,E,20180427,1200,MYPKG/KMT,LF,F
SEGU9111154,20180427,1200,MYPKG/KMT,LF,F,20180429,659,MYPKG/KMT,VF,F
SEGU9111154,20180429,659,MYPKG/KMT,VF,F,20180508,2400,AEDXB/JAT,FH,E
SEGU9111154,20180508,2400,AEDXB/JAT,FH,E,20180508,1800,AEDXB/JAT,DF,F
,,,,,,,,,,
SEGU9381442,20181108,0,BDCGP/CPA,OH,E,20181114,0,BDCGP/CPA,TE,E
SEGU9381442,20181114,0,BDCGP/CPA,TE,E,20181114,1300,BDCGP/CPA,VE,E
SEGU9381442,20181114,1300,BDCGP/CPA,VE,E,20181120,1014,SGSIN/PSA,TE,E
SEGU9381442,20181120,1014,SGSIN/PSA,TE,E,20181126,2400,SGSIN/UNK,FH,E
,,,,,,,,,,
SEGU9452546,20181001,0,BDCGP/CPA,OH,E,20181007,0,BDCGP/CPA,TE,E
SEGU9452546,20181007,0,BDCGP/CPA,TE,E,20181007,2040,BDCGP/CPA,VE,E
SEGU9452546,20181007,2040,BDCGP/CPA,VE,E,20181012,900,SGSIN/PSA,TE,E
SEGU9452546,20181012,900,SGSIN/PSA,TE,E,20181020,2400,SGSIN/UNK,FH,E
,,,,,,,,,,
SEGU9482010,20180911,0,BDCGP/CPA,OH,E,20180922,0,BDCGP/CPA,TE,E
SEGU9482010,20180922,0,BDCGP/CPA,TE,E,20180922,920,BDCGP/CPA,VE,E
SEGU9482010,20180922,920,BDCGP/CPA,VE,E,20180926,2233,SGSIN/PSA,TE,E
SEGU9482010,20180926,2233,SGSIN/PSA,TE,E,20181008,2400,SGSIN/UNK,FH,E
,,,,,,,,,,
SEGU9485262,20181129,0,BDCGP/CPA,OH,E,20181205,0,BDCGP/CPA,TE,E
SEGU9485262,20181205,0,BDCGP/CPA,TE,E,20181205,810,BDCGP/CPA,VE,E
SEGU9485262,20181205,810,BDCGP/CPA,VE,E,20181213,137,SGSIN/PSA,TE,E
SEGU9485262,20181213,137,SGSIN/PSA,TE,E,20181220,2400,SGSIN/UNK,FH,E
,,,,,,,,,,
SEGU9579628,20181213,0,BDCGP/CPA,OH,E,20181219,0,BDCGP/CPA,TE,E
SEGU9579628,20181219,0,BDCGP/CPA,TE,E,20181219,640,BDCGP/CPA,VE,E
SEGU9579628,20181219,640,BDCGP/CPA,VE,E,20181227,52,SGSIN/PSA,TE,E
SEGU9579628,20181227,52,SGSIN/PSA,TE,E,20181230,2400,SGSIN/UNK,FH,E
,,,,,,,,,,
SEGU9583145,20181114,0,BDCGP/CPA,OH,E,20181121,0,BDCGP/CPA,TE,E
SEGU9583145,20181121,0,BDCGP/CPA,TE,E,20181121,815,BDCGP/CPA,VE,E
SEGU9583145,20181121,815,BDCGP/CPA,VE,E,20181126,1041,SGSIN/PSA,TE,E
SEGU9583145,20181126,1041,SGSIN/PSA,TE,E,20181130,2400,SGSIN/UNK,FH,E
,,,,,,,,,,
SUDU6250330,20180911,0,BDCGP/CPA,OH,E,20180922,0,BDCGP/CPA,TE,E
SUDU6250330,20180922,0,BDCGP/CPA,TE,E,20180922,920,BDCGP/CPA,VE,E
SUDU6250330,20180922,920,BDCGP/CPA,VE,E,20180926,2005,SGSIN/PSA,TE,E
SUDU6250330,20180926,2005,SGSIN/PSA,TE,E,20181008,2400,SGSIN/UNK,FH,E
,,,,,,,,,,
SZLU9095083,20180720,0,BDCGP/CPA,OH,E,20180802,0,BDCGP/CPA,TE,E
SZLU9095083,20180802,0,BDCGP/CPA,TE,E,20180802,1320,BDCGP/CPA,VE,E
SZLU9095083,20180802,1320,BDCGP/CPA,VE,E,20180806,900,SGSIN/PSA,TE,E
SZLU9095083,20180806,900,SGSIN/PSA,TE,E,20180815,2400,SGSIN/UNK,FH,E
,,,,,,,,,,
SZLU9106296,20180827,0,BDCGP/CPA,OH,E,20180909,0,BDCGP/CPA,TE,E
SZLU9106296,20180909,0,BDCGP/CPA,TE,E,20180909,850,BDCGP/CPA,VE,E
SZLU9106296,20180909,850,BDCGP/CPA,VE,E,20180914,100,SGSIN/PSA,TE,E
SZLU9106296,20180914,100,SGSIN/PSA,TE,E,20180918,2400,SGSIN/UNK,FH,E
,,,,,,,,,,
SZLU9120930,20180827,0,BDCGP/CPA,OH,E,20180909,0,BDCGP/CPA,TE,E
SZLU9120930,20180909,0,BDCGP/CPA,TE,E,20180909,850,BDCGP/CPA,VE,E
SZLU9120930,20180909,850,BDCGP/CPA,VE,E,20180913,2311,SGSIN/PSA,TE,E
SZLU9120930,20180913,2311,SGSIN/PSA,TE,E,20180918,2400,SGSIN/UNK,FH,E
,,,,,,,,,,
SZLU9138586,20180819,0,PKKHI/SPT,OH,E,20180819,1,PKKHI/SPT,SF,F
SZLU9138586,20180819,1,PKKHI/SPT,SF,F,20180819,1200,PKKHI/SPT,LF,F
SZLU9138586,20180819,1200,PKKHI/SPT,LF,F,20180819,1500,PKKHI/SPT,VF,F
SZLU9138586,20180819,1500,PKKHI/SPT,VF,F,20180831,448,SGSIN/PSA,DF,F
SZLU9138586,20180831,448,SGSIN/PSA,DF,F,20180915,2400,SGSIN/UNK,FH,E
,,,,,,,,,,
SZLU9140990,20181108,0,BDCGP/CPA,OH,E,20181114,0,BDCGP/CPA,TE,E
SZLU9140990,20181114,0,BDCGP/CPA,TE,E,20181114,1300,BDCGP/CPA,VE,E
SZLU9140990,20181114,1300,BDCGP/CPA,VE,E,20181120,652,SGSIN/PSA,TE,E
SZLU9140990,20181120,652,SGSIN/PSA,TE,E,20181126,2400,SGSIN/UNK,FH,E
,,,,,,,,,,
SZLU9217788,20181129,0,BDCGP/CPA,OH,E,20181205,0,BDCGP/CPA,TE,E
SZLU9217788,20181205,0,BDCGP/CPA,TE,E,20181205,810,BDCGP/CPA,VE,E
SZLU9217788,20181205,810,BDCGP/CPA,VE,E,20181212,2049,SGSIN/PSA,TE,E
SZLU9217788,20181212,2049,SGSIN/PSA,TE,E,20181220,2400,SGSIN/UNK,FH,E
,,,,,,,,,,
SZLU9244269,20180827,0,BDCGP/CPA,OH,E,20180909,0,BDCGP/CPA,TE,E
SZLU9244269,20180909,0,BDCGP/CPA,TE,E,20180909,850,BDCGP/CPA,VE,E
SZLU9244269,20180909,850,BDCGP/CPA,VE,E,20180914,55,SGSIN/PSA,TE,E
SZLU9244269,20180914,55,SGSIN/PSA,TE,E,20180918,2400,SGSIN/UNK,FH,E
,,,,,,,,,,
SZLU9361882,20180827,0,BDCGP/CPA,OH,E,20180909,0,BDCGP/CPA,TE,E
SZLU9361882,20180909,0,BDCGP/CPA,TE,E,20180909,850,BDCGP/CPA,VE,E
SZLU9361882,20180909,850,BDCGP/CPA,VE,E,20180914,50,SGSIN/PSA,TE,E
SZLU9361882,20180914,50,SGSIN/PSA,TE,E,20180918,2400,SGSIN/UNK,FH,E
,,,,,,,,,,
SZLU9365044,20180827,0,BDCGP/CPA,OH,E,20180909,0,BDCGP/CPA,TE,E
SZLU9365044,20180909,0,BDCGP/CPA,TE,E,20180909,850,BDCGP/CPA,VE,E
SZLU9365044,20180909,850,BDCGP/CPA,VE,E,20180914,58,SGSIN/PSA,TE,E
SZLU9365044,20180914,58,SGSIN/PSA,TE,E,20180918,2400,SGSIN/UNK,FH,E
,,,,,,,,,,
SZLU9372906,20181108,0,BDCGP/CPA,OH,E,20181114,0,BDCGP/CPA,TE,E
SZLU9372906,20181114,0,BDCGP/CPA,TE,E,20181114,1300,BDCGP/CPA,VE,E
SZLU9372906,20181114,1300,BDCGP/CPA,VE,E,20181120,427,SGSIN/PSA,TE,E
SZLU9372906,20181120,427,SGSIN/PSA,TE,E,20181126,2400,SGSIN/UNK,FH,E
,,,,,,,,,,
SZLU9377981,20181114,0,BDCGP/CPA,OH,E,20181121,0,BDCGP/CPA,TE,E
SZLU9377981,20181121,0,BDCGP/CPA,TE,E,20181121,815,BDCGP/CPA,VE,E
SZLU9377981,20181121,815,BDCGP/CPA,VE,E,20181126,1246,SGSIN/PSA,TE,E
SZLU9377981,20181126,1246,SGSIN/PSA,TE,E,20181130,2400,SGSIN/UNK,FH,E
,,,,,,,,,,
SZLU9379032,20181114,0,BDCGP/CPA,OH,E,20181121,0,BDCGP/CPA,TE,E
SZLU9379032,20181121,0,BDCGP/CPA,TE,E,20181121,815,BDCGP/CPA,VE,E
SZLU9379032,20181121,815,BDCGP/CPA,VE,E,20181126,1353,SGSIN/PSA,TE,E
SZLU9379032,20181126,1353,SGSIN/PSA,TE,E,20181130,2400,SGSIN/UNK,FH,E
,,,,,,,,,,
SZLU9392271,20181213,0,BDCGP/CPA,OH,E,20181219,0,BDCGP/CPA,TE,E
SZLU9392271,20181219,0,BDCGP/CPA,TE,E,20181219,640,BDCGP/CPA,VE,E
SZLU9392271,20181219,640,BDCGP/CPA,VE,E,20181227,48,SGSIN/PSA,TE,E
SZLU9392271,20181227,48,SGSIN/PSA,TE,E,20181230,2400,SGSIN/UNK,FH,E
,,,,,,,,,,
SZLU9399281,20180827,0,BDCGP/CPA,OH,E,20180909,0,BDCGP/CPA,TE,E
SZLU9399281,20180909,0,BDCGP/CPA,TE,E,20180909,850,BDCGP/CPA,VE,E
SZLU9399281,20180909,850,BDCGP/CPA,VE,E,20180914,121,SGSIN/PSA,TE,E
SZLU9399281,20180914,121,SGSIN/PSA,TE,E,20180918,2400,SGSIN/UNK,FH,E
,,,,,,,,,,
SZLU9435809,20181114,0,BDCGP/CPA,OH,E,20181121,0,BDCGP/CPA,TE,E
SZLU9435809,20181121,0,BDCGP/CPA,TE,E,20181121,815,BDCGP/CPA,VE,E
SZLU9435809,20181121,815,BDCGP/CPA,VE,E,20181126,1407,SGSIN/PSA,TE,E
SZLU9435809,20181126,1407,SGSIN/PSA,TE,E,20181130,2400,SGSIN/UNK,FH,E
,,,,,,,,,,
SZLU9438583,20181114,0,BDCGP/CPA,OH,E,20181121,0,BDCGP/CPA,TE,E
SZLU9438583,20181121,0,BDCGP/CPA,TE,E,20181121,815,BDCGP/CPA,VE,E
SZLU9438583,20181121,815,BDCGP/CPA,VE,E,20181126,1445,SGSIN/PSA,TE,E
SZLU9438583,20181126,1445,SGSIN/PSA,TE,E,20181130,2400,SGSIN/UNK,FH,E
,,,,,,,,,,
SZLU9449459,20181108,0,BDCGP/CPA,OH,E,20181114,0,BDCGP/CPA,TE,E
SZLU9449459,20181114,0,BDCGP/CPA,TE,E,20181114,1300,BDCGP/CPA,VE,E
SZLU9449459,20181114,1300,BDCGP/CPA,VE,E,20181120,144,SGSIN/PSA,TE,E
SZLU9449459,20181120,144,SGSIN/PSA,TE,E,20181126,2400,SGSIN/UNK,FH,E
,,,,,,,,,,
SZLU9460530,20180827,0,BDCGP/CPA,OH,E,20180909,0,BDCGP/CPA,TE,E
SZLU9460530,20180909,0,BDCGP/CPA,TE,E,20180909,850,BDCGP/CPA,VE,E
SZLU9460530,20180909,850,BDCGP/CPA,VE,E,20180914,52,SGSIN/PSA,TE,E
SZLU9460530,20180914,52,SGSIN/PSA,TE,E,20180918,2400,SGSIN/UNK,FH,E
,,,,,,,,,,
SZLU9462445,20181129,0,BDCGP/CPA,OH,E,20181205,0,BDCGP/CPA,TE,E
SZLU9462445,20181205,0,BDCGP/CPA,TE,E,20181205,810,BDCGP/CPA,VE,E
SZLU9462445,20181205,810,BDCGP/CPA,VE,E,20181213,129,SGSIN/PSA,TE,E
SZLU9462445,20181213,129,SGSIN/PSA,TE,E,20181220,2400,SGSIN/UNK,FH,E
,,,,,,,,,,
SZLU9669197,20181213,0,BDCGP/CPA,OH,E,20181219,0,BDCGP/CPA,TE,E
SZLU9669197,20181219,0,BDCGP/CPA,TE,E,20181219,640,BDCGP/CPA,VE,E
SZLU9669197,20181219,640,BDCGP/CPA,VE,E,20181227,33,SGSIN/PSA,TE,E
SZLU9669197,20181227,33,SGSIN/PSA,TE,E,20181230,2400,SGSIN/UNK,FH,E
,,,,,,,,,,
SZLU9677989,20181114,0,BDCGP/CPA,OH,E,20181121,0,BDCGP/CPA,TE,E
SZLU9677989,20181121,0,BDCGP/CPA,TE,E,20181121,815,BDCGP/CPA,VE,E
SZLU9677989,20181121,815,BDCGP/CPA,VE,E,20181126,1251,SGSIN/PSA,TE,E
SZLU9677989,20181126,1251,SGSIN/PSA,TE,E,20181130,2400,SGSIN/UNK,FH,E
,,,,,,,,,,
SZLU9679066,20181114,0,BDCGP/CPA,OH,E,20181121,0,BDCGP/CPA,TE,E
SZLU9679066,20181121,0,BDCGP/CPA,TE,E,20181121,815,BDCGP/CPA,VE,E
SZLU9679066,20181121,815,BDCGP/CPA,VE,E,20181126,1430,SGSIN/PSA,TE,E
SZLU9679066,20181126,1430,SGSIN/PSA,TE,E,20181130,2400,SGSIN/UNK,FH,E
,,,,,,,,,,
SZLU9683024,20181108,0,BDCGP/CPA,OH,E,20181114,0,BDCGP/CPA,TE,E
SZLU9683024,20181114,0,BDCGP/CPA,TE,E,20181114,1300,BDCGP/CPA,VE,E
SZLU9683024,20181114,1300,BDCGP/CPA,VE,E,20181120,709,SGSIN/PSA,TE,E
SZLU9683024,20181120,709,SGSIN/PSA,TE,E,20181126,2400,SGSIN/UNK,FH,E
,,,,,,,,,,
SZLU9684308,20181108,0,BDCGP/CPA,OH,E,20181114,0,BDCGP/CPA,TE,E
SZLU9684308,20181114,0,BDCGP/CPA,TE,E,20181114,1300,BDCGP/CPA,VE,E
SZLU9684308,20181114,1300,BDCGP/CPA,VE,E,20181120,711,SGSIN/PSA,TE,E
SZLU9684308,20181120,711,SGSIN/PSA,TE,E,20181126,2400,SGSIN/UNK,FH,E
,,,,,,,,,,
TCLU1010280,20181108,0,BDCGP/CPA,OH,E,20181114,0,BDCGP/CPA,TE,E
TCLU1010280,20181114,0,BDCGP/CPA,TE,E,20181114,1300,BDCGP/CPA,VE,E
TCLU1010280,20181114,1300,BDCGP/CPA,VE,E,20181120,700,SGSIN/PSA,TE,E
TCLU1010280,20181120,700,SGSIN/PSA,TE,E,20181126,2400,SGSIN/UNK,FH,E
,,,,,,,,,,
TCLU1178802,20181202,0,BDCGP/CPA,OH,E,20181207,0,BDCGP/CPA,TE,E
TCLU1178802,20181207,0,BDCGP/CPA,TE,E,20181207,930,BDCGP/CPA,VE,E
TCLU1178802,20181207,930,BDCGP/CPA,VE,E,20181211,1300,SGSIN/PSA,TE,E
TCLU1178802,20181211,1300,SGSIN/PSA,TE,E,20181220,2400,SGSIN/UNK,FH,E
,,,,,,,,,,
TCLU1184718,20180827,0,BDCGP/CPA,OH,E,20180909,0,BDCGP/CPA,TE,E
TCLU1184718,20180909,0,BDCGP/CPA,TE,E,20180909,850,BDCGP/CPA,VE,E
TCLU1184718,20180909,850,BDCGP/CPA,VE,E,20180913,2235,SGSIN/PSA,TE,E
TCLU1184718,20180913,2235,SGSIN/PSA,TE,E,20180918,2400,SGSIN/UNK,FH,E
,,,,,,,,,,
TEMU9124775,20181108,0,BDCGP/CPA,OH,E,20181114,0,BDCGP/CPA,TE,E
TEMU9124775,20181114,0,BDCGP/CPA,TE,E,20181114,1300,BDCGP/CPA,VE,E
TEMU9124775,20181114,1300,BDCGP/CPA,VE,E,20181120,114,SGSIN/PSA,TE,E
TEMU9124775,20181120,114,SGSIN/PSA,TE,E,20181126,2400,SGSIN/UNK,FH,E
,,,,,,,,,,
TEMU9178684,20180404,0,PKKHI/SPT,OH,E,20180404,1,PKKHI/SPT,SF,F
TEMU9178684,20180404,1,PKKHI/SPT,SF,F,20180404,1200,PKKHI/SPT,LF,F
TEMU9178684,20180404,1200,PKKHI/SPT,LF,F,20180404,1900,PKKHI/SPT,VF,F
TEMU9178684,20180404,1900,PKKHI/SPT,VF,F,20180412,2109,SGSIN/PSA,DF,F
TEMU9178684,20180412,2109,SGSIN/PSA,DF,F,20180420,2400,SGSIN/UNK,FH,E
,,,,,,,,,,
TEMU9330673,20181108,0,BDCGP/CPA,OH,E,20181114,0,BDCGP/CPA,TE,E
TEMU9330673,20181114,0,BDCGP/CPA,TE,E,20181114,1300,BDCGP/CPA,VE,E
TEMU9330673,20181114,1300,BDCGP/CPA,VE,E,20181120,106,SGSIN/PSA,TE,E
TEMU9330673,20181120,106,SGSIN/PSA,TE,E,20181126,2400,SGSIN/UNK,FH,E
,,,,,,,,,,
TEMU9331730,20181108,0,BDCGP/CPA,OH,E,20181114,0,BDCGP/CPA,TE,E
TEMU9331730,20181114,0,BDCGP/CPA,TE,E,20181114,1300,BDCGP/CPA,VE,E
TEMU9331730,20181114,1300,BDCGP/CPA,VE,E,20181120,256,SGSIN/PSA,TE,E
TEMU9331730,20181120,256,SGSIN/PSA,TE,E,20181126,2400,SGSIN/UNK,FH,E
,,,,,,,,,,
TEMU9334447,20180827,0,PKKHI/SPT,OH,E,20180827,1,PKKHI/SPT,SF,F
TEMU9334447,20180827,1,PKKHI/SPT,SF,F,20180827,1200,PKKHI/SPT,LF,F
TEMU9334447,20180827,1200,PKKHI/SPT,LF,F,20180827,1500,PKKHI/SPT,VF,F
TEMU9334447,20180827,1500,PKKHI/SPT,VF,F,20180907,1416,SGSIN/PSA,DF,F
TEMU9334447,20180907,1416,SGSIN/PSA,DF,F,20180915,2400,SGSIN/UNK,FH,E
,,,,,,,,,,
TEMU9348184,20181108,0,BDCGP/CPA,OH,E,20181114,0,BDCGP/CPA,TE,E
TEMU9348184,20181114,0,BDCGP/CPA,TE,E,20181114,1300,BDCGP/CPA,VE,E
TEMU9348184,20181114,1300,BDCGP/CPA,VE,E,20181120,1008,SGSIN/PSA,TE,E
TEMU9348184,20181120,1008,SGSIN/PSA,TE,E,20181126,2400,SGSIN/UNK,FH,E
,,,,,,,,,,
TEMU9365860,20181202,0,BDCGP/CPA,OH,E,20181207,0,BDCGP/CPA,TE,E
TEMU9365860,20181207,0,BDCGP/CPA,TE,E,20181207,930,BDCGP/CPA,VE,E
TEMU9365860,20181207,930,BDCGP/CPA,VE,E,20181211,1639,SGSIN/PSA,TE,E
TEMU9365860,20181211,1639,SGSIN/PSA,TE,E,20181220,2400,SGSIN/UNK,FH,E
,,,,,,,,,,
TEMU9371672,20181108,0,BDCGP/CPA,OH,E,20181114,0,BDCGP/CPA,TE,E
TEMU9371672,20181114,0,BDCGP/CPA,TE,E,20181114,1300,BDCGP/CPA,VE,E
TEMU9371672,20181114,1300,BDCGP/CPA,VE,E,20181120,308,SGSIN/PSA,TE,E
TEMU9371672,20181120,308,SGSIN/PSA,TE,E,20181126,2400,SGSIN/UNK,FH,E
,,,,,,,,,,
TEMU9373166,20181108,0,BDCGP/CPA,OH,E,20181114,0,BDCGP/CPA,TE,E
TEMU9373166,20181114,0,BDCGP/CPA,TE,E,20181114,1300,BDCGP/CPA,VE,E
TEMU9373166,20181114,1300,BDCGP/CPA,VE,E,20181120,528,SGSIN/PSA,TE,E
TEMU9373166,20181120,528,SGSIN/PSA,TE,E,20181126,2400,SGSIN/UNK,FH,E
,,,,,,,,,,
TEMU9470947,20181108,0,BDCGP/CPA,OH,E,20181114,0,BDCGP/CPA,TE,E
TEMU9470947,20181114,0,BDCGP/CPA,TE,E,20181114,1300,BDCGP/CPA,VE,E
TEMU9470947,20181114,1300,BDCGP/CPA,VE,E,20181120,537,SGSIN/PSA,TE,E
TEMU9470947,20181120,537,SGSIN/PSA,TE,E,20181126,2400,SGSIN/UNK,FH,E
,,,,,,,,,,
TEMU9536284,20181213,0,BDCGP/CPA,OH,E,20181219,0,BDCGP/CPA,TE,E
TEMU9536284,20181219,0,BDCGP/CPA,TE,E,20181219,640,BDCGP/CPA,VE,E
TEMU9536284,20181219,640,BDCGP/CPA,VE,E,20181227,122,SGSIN/PSA,TE,E
TEMU9536284,20181227,122,SGSIN/PSA,TE,E,20181230,2400,SGSIN/UNK,FH,E
,,,,,,,,,,
TEMU9561559,20180817,0,BDCGP/CPA,OH,E,20180831,0,BDCGP/CPA,TE,E
TEMU9561559,20180831,0,BDCGP/CPA,TE,E,20180831,1342,BDCGP/CPA,VE,E
TEMU9561559,20180831,1342,BDCGP/CPA,VE,E,20180910,2400,SGSIN/UNK,FH,E
,,,,,,,,,,
TEMU9563295,20181114,0,BDCGP/CPA,OH,E,20181121,0,BDCGP/CPA,TE,E
TEMU9563295,20181121,0,BDCGP/CPA,TE,E,20181121,815,BDCGP/CPA,VE,E
TEMU9563295,20181121,815,BDCGP/CPA,VE,E,20181126,1342,SGSIN/PSA,TE,E
TEMU9563295,20181126,1342,SGSIN/PSA,TE,E,20181130,2400,SGSIN/UNK,FH,E
,,,,,,,,,,
TGHU9971431,20181129,0,BDCGP/CPA,OH,E,20181205,0,BDCGP/CPA,TE,E
TGHU9971431,20181205,0,BDCGP/CPA,TE,E,20181205,810,BDCGP/CPA,VE,E
TGHU9971431,20181205,810,BDCGP/CPA,VE,E,20181212,2104,SGSIN/PSA,TE,E
TGHU9971431,20181212,2104,SGSIN/PSA,TE,E,20181220,2400,SGSIN/UNK,FH,E
,,,,,,,,,,
TGHU9982415,20180827,0,BDCGP/CPA,OH,E,20180909,0,BDCGP/CPA,TE,E
TGHU9982415,20180909,0,BDCGP/CPA,TE,E,20180909,850,BDCGP/CPA,VE,E
TGHU9982415,20180909,850,BDCGP/CPA,VE,E,20180913,2231,SGSIN/PSA,TE,E
TGHU9982415,20180913,2231,SGSIN/PSA,TE,E,20180918,2400,SGSIN/UNK,FH,E
,,,,,,,,,,
TGHU9989955,20180720,0,BDCGP/CPA,OH,E,20180802,0,BDCGP/CPA,TE,E
TGHU9989955,20180802,0,BDCGP/CPA,TE,E,20180802,1320,BDCGP/CPA,VE,E
TGHU9989955,20180802,1320,BDCGP/CPA,VE,E,20180806,900,SGSIN/PSA,TE,E
TGHU9989955,20180806,900,SGSIN/PSA,TE,E,20180815,2400,SGSIN/UNK,FH,E
,,,,,,,,,,
TGHU9991227,20181202,0,BDCGP/CPA,OH,E,20181207,0,BDCGP/CPA,TE,E
TGHU9991227,20181207,0,BDCGP/CPA,TE,E,20181207,930,BDCGP/CPA,VE,E
TGHU9991227,20181207,930,BDCGP/CPA,VE,E,20181211,1642,SGSIN/PSA,TE,E
TGHU9991227,20181211,1642,SGSIN/PSA,TE,E,20181220,2400,SGSIN/UNK,FH,E
,,,,,,,,,,
TRIU8242960,20180720,0,BDCGP/CPA,OH,E,20180802,0,BDCGP/CPA,TE,E
TRIU8242960,20180802,0,BDCGP/CPA,TE,E,20180802,1320,BDCGP/CPA,VE,E
TRIU8242960,20180802,1320,BDCGP/CPA,VE,E,20180806,900,SGSIN/PSA,TE,E
TRIU8242960,20180806,900,SGSIN/PSA,TE,E,20180815,2400,SGSIN/UNK,FH,E
,,,,,,,,,,
TRIU8347067,20180303,0,IRBND/BCT,OH,E,20180303,800,IRBND/BCT,SF,E
TRIU8347067,20180303,800,IRBND/BCT,SF,E,20180303,1200,IRBND/BCT,LF,F
TRIU8347067,20180303,1200,IRBND/BCT,LF,F,20180307,147,IRBND/BCT,VF,F
,,,,,,,,,,
TRIU8437710,20181108,0,BDCGP/CPA,OH,E,20181114,0,BDCGP/CPA,TE,E
TRIU8437710,20181114,0,BDCGP/CPA,TE,E,20181114,1300,BDCGP/CPA,VE,E
TRIU8437710,20181114,1300,BDCGP/CPA,VE,E,20181120,59,SGSIN/PSA,TE,E
TRIU8437710,20181120,59,SGSIN/PSA,TE,E,20181126,2400,SGSIN/UNK,FH,E
,,,,,,,,,,
TRIU8610569,20181108,0,BDCGP/CPA,OH,E,20181114,0,BDCGP/CPA,TE,E
TRIU8610569,20181114,0,BDCGP/CPA,TE,E,20181114,1300,BDCGP/CPA,VE,E
TRIU8610569,20181114,1300,BDCGP/CPA,VE,E,20181120,255,SGSIN/PSA,TE,E
TRIU8610569,20181120,255,SGSIN/PSA,TE,E,20181126,2400,SGSIN/UNK,FH,E
,,,,,,,,,,
TRIU8928987,20180827,0,BDCGP/CPA,OH,E,20180909,0,BDCGP/CPA,TE,E
TRIU8928987,20180909,0,BDCGP/CPA,TE,E,20180909,850,BDCGP/CPA,VE,E
TRIU8928987,20180909,850,BDCGP/CPA,VE,E,20180914,128,SGSIN/PSA,TE,E
TRIU8928987,20180914,128,SGSIN/PSA,TE,E,20180918,2400,SGSIN/UNK,FH,E
,,,,,,,,,,
TRIU8986659,20181213,0,BDCGP/CPA,OH,E,20181219,0,BDCGP/CPA,TE,E
TRIU8986659,20181219,0,BDCGP/CPA,TE,E,20181219,640,BDCGP/CPA,VE,E
TRIU8986659,20181219,640,BDCGP/CPA,VE,E,20181227,119,SGSIN/PSA,TE,E
TRIU8986659,20181227,119,SGSIN/PSA,TE,E,20181230,2400,SGSIN/UNK,FH,E
,,,,,,,,,,
TRIU8989302,20180827,0,BDCGP/CPA,OH,E,20180909,0,BDCGP/CPA,TE,E
TRIU8989302,20180909,0,BDCGP/CPA,TE,E,20180909,850,BDCGP/CPA,VE,E
TRIU8989302,20180909,850,BDCGP/CPA,VE,E,20180913,2318,SGSIN/PSA,TE,E
TRIU8989302,20180913,2318,SGSIN/PSA,TE,E,20180918,2400,SGSIN/UNK,FH,E
,,,,,,,,,,
TRLU1852924,20181202,0,BDCGP/CPA,OH,E,20181207,0,BDCGP/CPA,TE,E
TRLU1852924,20181207,0,BDCGP/CPA,TE,E,20181207,930,BDCGP/CPA,VE,E
TRLU1852924,20181207,930,BDCGP/CPA,VE,E,20181211,1639,SGSIN/PSA,TE,E
TRLU1852924,20181211,1639,SGSIN/PSA,TE,E,20181220,2400,SGSIN/UNK,FH,E
,,,,,,,,,,
TTNU8032240,20180710,0,PKKHI/SPT,OH,E,20180710,1,PKKHI/SPT,SF,F
TTNU8032240,20180710,1,PKKHI/SPT,SF,F,20180712,1200,PKKHI/SPT,LF,F
TTNU8032240,20180712,1200,PKKHI/SPT,LF,F,20180712,1300,PKKHI/SPT,VF,F
,,,,,,,,,,
TTNU8045946,20181202,0,BDCGP/CPA,OH,E,20181207,0,BDCGP/CPA,TE,E
TTNU8045946,20181207,0,BDCGP/CPA,TE,E,20181207,930,BDCGP/CPA,VE,E
TTNU8045946,20181207,930,BDCGP/CPA,VE,E,20181211,2124,SGSIN/PSA,TE,E
TTNU8045946,20181211,2124,SGSIN/PSA,TE,E,20181220,2400,SGSIN/UNK,FH,E
,,,,,,,,,,
TTNU8076377,20181108,0,BDCGP/CPA,OH,E,20181114,0,BDCGP/CPA,TE,E
TTNU8076377,20181114,0,BDCGP/CPA,TE,E,20181114,1300,BDCGP/CPA,VE,E
TTNU8076377,20181114,1300,BDCGP/CPA,VE,E,20181120,701,SGSIN/PSA,TE,E
TTNU8076377,20181120,701,SGSIN/PSA,TE,E,20181126,2400,SGSIN/UNK,FH,E
,,,,,,,,,,
TTNU8113110,20181108,0,BDCGP/CPA,OH,E,20181114,0,BDCGP/CPA,TE,E
TTNU8113110,20181114,0,BDCGP/CPA,TE,E,20181114,1300,BDCGP/CPA,VE,E
TTNU8113110,20181114,1300,BDCGP/CPA,VE,E,20181120,634,SGSIN/PSA,TE,E
TTNU8113110,20181120,634,SGSIN/PSA,TE,E,20181126,2400,SGSIN/UNK,FH,E
,,,,,,,,,,
TTNU8222888,20181108,0,BDCGP/CPA,OH,E,20181114,0,BDCGP/CPA,TE,E
TTNU8222888,20181114,0,BDCGP/CPA,TE,E,20181114,1300,BDCGP/CPA,VE,E
TTNU8222888,20181114,1300,BDCGP/CPA,VE,E,20181120,952,SGSIN/PSA,TE,E
TTNU8222888,20181120,952,SGSIN/PSA,TE,E,20181126,2400,SGSIN/UNK,FH,E
,,,,,,,,,,
TTNU8286178,20180627,0,PKKHI/SPT,OH,E,20180627,1,PKKHI/SPT,SF,F
TTNU8286178,20180627,1,PKKHI/SPT,SF,F,20180627,1200,PKKHI/SPT,LF,F
TTNU8286178,20180627,1200,PKKHI/SPT,LF,F,20180628,1200,PKKHI/SPT,VF,F
TTNU8286178,20180628,1200,PKKHI/SPT,VF,F,20180707,1032,SGSIN/PSA,DF,F
TTNU8286178,20180707,1032,SGSIN/PSA,DF,F,20180720,2400,SGSIN/UNK,FH,E
,,,,,,,,,,
TTNU8311007,20180720,0,BDCGP/CPA,OH,E,20180802,0,BDCGP/CPA,TE,E
TTNU8311007,20180802,0,BDCGP/CPA,TE,E,20180802,1320,BDCGP/CPA,VE,E
TTNU8311007,20180802,1320,BDCGP/CPA,VE,E,20180806,900,SGSIN/PSA,TE,E
TTNU8311007,20180806,900,SGSIN/PSA,TE,E,20180815,2400,SGSIN/UNK,FH,E
,,,,,,,,,,
TTNU8334023,20181129,0,BDCGP/CPA,OH,E,20181205,0,BDCGP/CPA,TE,E
TTNU8334023,20181205,0,BDCGP/CPA,TE,E,20181205,810,BDCGP/CPA,VE,E
TTNU8334023,20181205,810,BDCGP/CPA,VE,E,20181212,2056,SGSIN/PSA,TE,E
TTNU8334023,20181212,2056,SGSIN/PSA,TE,E,20181220,2400,SGSIN/UNK,FH,E
,,,,,,,,,,
TTNU8463294,20180827,0,BDCGP/CPA,OH,E,20180909,0,BDCGP/CPA,TE,E
TTNU8463294,20180909,0,BDCGP/CPA,TE,E,20180909,850,BDCGP/CPA,VE,E
TTNU8463294,20180909,850,BDCGP/CPA,VE,E,20180914,113,SGSIN/PSA,TE,E
TTNU8463294,20180914,113,SGSIN/PSA,TE,E,20180918,2400,SGSIN/UNK,FH,E
,,,,,,,,,,
TTNU8527640,20181114,0,BDCGP/CPA,OH,E,20181121,0,BDCGP/CPA,TE,E
TTNU8527640,20181121,0,BDCGP/CPA,TE,E,20181121,815,BDCGP/CPA,VE,E
TTNU8527640,20181121,815,BDCGP/CPA,VE,E,20181126,1245,SGSIN/PSA,TE,E
TTNU8527640,20181126,1245,SGSIN/PSA,TE,E,20181130,2400,SGSIN/UNK,FH,E
,,,,,,,,,,
TTNU8571977,20181129,0,BDCGP/CPA,OH,E,20181205,0,BDCGP/CPA,TE,E
TTNU8571977,20181205,0,BDCGP/CPA,TE,E,20181205,810,BDCGP/CPA,VE,E
TTNU8571977,20181205,810,BDCGP/CPA,VE,E,20181212,2103,SGSIN/PSA,TE,E
TTNU8571977,20181212,2103,SGSIN/PSA,TE,E,20181220,2400,SGSIN/UNK,FH,E
,,,,,,,,,,
TTNU8646079,20181001,0,BDCGP/CPA,OH,E,20181007,0,BDCGP/CPA,TE,E
TTNU8646079,20181007,0,BDCGP/CPA,TE,E,20181007,2040,BDCGP/CPA,VE,E
TTNU8646079,20181007,2040,BDCGP/CPA,VE,E,20181012,900,SGSIN/PSA,TE,E
TTNU8646079,20181012,900,SGSIN/PSA,TE,E,20181020,2400,SGSIN/UNK,FH,E
,,,,,,,,,,
TTNU8957168,20181129,0,BDCGP/CPA,OH,E,20181205,0,BDCGP/CPA,TE,E
TTNU8957168,20181205,0,BDCGP/CPA,TE,E,20181205,810,BDCGP/CPA,VE,E
TTNU8957168,20181205,810,BDCGP/CPA,VE,E,20181212,2111,SGSIN/PSA,TE,E
TTNU8957168,20181212,2111,SGSIN/PSA,TE,E,20181220,2400,SGSIN/UNK,FH,E
,,,,,,,,,,
UACU4728028,20180720,0,BDCGP/CPA,OH,E,20180802,0,BDCGP/CPA,TE,E
UACU4728028,20180802,0,BDCGP/CPA,TE,E,20180802,1320,BDCGP/CPA,VE,E
UACU4728028,20180802,1320,BDCGP/CPA,VE,E,20180806,900,SGSIN/PSA,TE,E
UACU4728028,20180806,900,SGSIN/PSA,TE,E,20180815,2400,SGSIN/UNK,FH,E
,,,,,,,,,,
UACU4762613,20180720,0,BDCGP/CPA,OH,E,20180802,0,BDCGP/CPA,TE,E
UACU4762613,20180802,0,BDCGP/CPA,TE,E,20180802,1320,BDCGP/CPA,VE,E
UACU4762613,20180802,1320,BDCGP/CPA,VE,E,20180806,900,SGSIN/PSA,TE,E
UACU4762613,20180806,900,SGSIN/PSA,TE,E,20180815,2400,SGSIN/UNK,FH,E
,,,,,,,,,,
YMLU5355938,20181001,0,BDCGP/CPA,OH,E,20181007,0,BDCGP/CPA,TE,E
YMLU5355938,20181007,0,BDCGP/CPA,TE,E,20181007,2040,BDCGP/CPA,VE,E
YMLU5355938,20181007,2040,BDCGP/CPA,VE,E,20181012,900,SGSIN/PSA,TE,E
YMLU5355938,20181012,900,SGSIN/PSA,TE,E,20181020,2400,SGSIN/UNK,FH,E
,,,,,,,,,,
YMLU5411899,20180720,0,BDCGP/CPA,OH,E,20180802,0,BDCGP/CPA,TE,E
YMLU5411899,20180802,0,BDCGP/CPA,TE,E,20180802,1320,BDCGP/CPA,VE,E
YMLU5411899,20180802,1320,BDCGP/CPA,VE,E,20180806,900,SGSIN/PSA,TE,E
YMLU5411899,20180806,900,SGSIN/PSA,TE,E,20180815,2400,SGSIN/UNK,FH,E
,,,,,,,,,,
YMLU5419246,20180817,0,BDCGP/CPA,OH,E,20180831,0,BDCGP/CPA,TE,E
YMLU5419246,20180831,0,BDCGP/CPA,TE,E,20180831,1342,BDCGP/CPA,VE,E
YMLU5419246,20180831,1342,BDCGP/CPA,VE,E,20180904,900,SGSIN/PSA,TE,E
YMLU5419246,20180904,900,SGSIN/PSA,TE,E,20180910,2400,SGSIN/UNK,FH,E
,,,,,,,,,,
YMLU5421388,20180817,0,BDCGP/CPA,OH,E,20180831,0,BDCGP/CPA,TE,E
YMLU5421388,20180831,0,BDCGP/CPA,TE,E,20180831,1342,BDCGP/CPA,VE,E
YMLU5421388,20180831,1342,BDCGP/CPA,VE,E,20180904,900,SGSIN/PSA,TE,E
YMLU5421388,20180904,900,SGSIN/PSA,TE,E,20180910,2400,SGSIN/UNK,FH,E
,,,,,,,,,,
YMLU5421726,20180817,0,BDCGP/CPA,OH,E,20180831,0,BDCGP/CPA,TE,E
YMLU5421726,20180831,0,BDCGP/CPA,TE,E,20180831,1342,BDCGP/CPA,VE,E
YMLU5421726,20180831,1342,BDCGP/CPA,VE,E,20180904,900,SGSIN/PSA,TE,E
YMLU5421726,20180904,900,SGSIN/PSA,TE,E,20180910,2400,SGSIN/UNK,FH,E
,,,,,,,,,,
YMLU5422548,20180725,0,BDCGP/CPA,OH,E,20180805,0,BDCGP/CPA,TE,E
YMLU5422548,20180805,0,BDCGP/CPA,TE,E,20180805,1500,BDCGP/CPA,VE,E
YMLU5422548,20180805,1500,BDCGP/CPA,VE,E,20180810,50,SGSIN/PSA,TE,E
YMLU5422548,20180810,50,SGSIN/PSA,TE,E,20180814,2400,SGSIN/UNK,FH,E
,,,,,,,,,,
